first_name,last_name,email,gender,age,car,job,favourite film
Carlita,Mattock,cmattock0@arizona.edu,Female,69,Renault,Chief Design Engineer,Romance
Lynnea,Kemston,lkemston1@toplist.cz,Female,79,Renault,Senior Quality Engineer,Thriller
Cecile,Parkhouse,cparkhouse2@bravesites.com,Female,25,Renault,Financial Advisor,Horror
Chancey,Avrahamof,cavrahamof3@ed.gov,Male,23,Renault,Senior Cost Accountant,Thriller
Jordan,Nickoll,jnickoll4@dailymail.co.uk,Female,24,Renault,Human Resources Assistant III,Thriller
Tammie,Scola,tscola5@livejournal.com,Male,71,Renault,Research Nurse,Drama
Had,Stidson,hstidson6@who.int,Male,61,Opel,Social Worker,Drama
Una,Khidr,ukhidr7@istockphoto.com,Female,41,Opel,Editor,Thriller
Hewie,Broek,hbroek8@abc.net.au,Male,80,Mazda,Internal Auditor,Comedy
Thurstan,Durbin,tdurbin9@taobao.com,Male,26,Opel,Sales Associate,Thriller
Aldridge,Blakeborough,ablakeborougha@smh.com.au,Male,75,Mazda,Account Executive,Thriller
Olimpia,Neiland,oneilandb@about.me,Female,40,Renault,Structural Analysis Engineer,Drama
Ian,Knoles,iknolesc@woothemes.com,Male,22,Renault,Design Engineer,Thriller
Shaughn,Scroggs,sscroggsd@paypal.com,Male,53,Mazda,Nurse Practicioner,Drama
Jillie,Pirrie,jpirriee@nyu.edu,Female,50,Renault,Business Systems Development Analyst,Drama
Drake,Yanov,dyanovf@wp.com,Male,67,Renault,Account Executive,Thriller
Zia,Ledgister,zledgisterg@simplemachines.org,Female,25,Opel,Internal Auditor,Thriller
Kelley,Braithwaite,kbraithwaiteh@1und1.de,Male,52,Renault,Quality Control Specialist,Drama
Cindi,Dungey,cdungeyi@vimeo.com,Female,63,Renault,Assistant Manager,Thriller
Boigie,Labbett,blabbettj@squidoo.com,Male,32,Opel,Research Nurse,Horror
Jock,Kayser,jkayserk@nhs.uk,Male,45,Ford,Senior Financial Analyst,Thriller
Shelton,Sommerlie,ssommerliel@topsy.com,Male,49,Opel,Programmer Analyst I,Drama
Thomasine,Ibanez,tibanezm@msn.com,Female,36,Opel,Health Coach I,Action
Nonie,Clemoes,nclemoesn@ibm.com,Female,34,Renault,Physical Therapy Assistant,Thriller
Tabby,Toplis,ttopliso@google.com.hk,Female,49,Renault,Teacher,Thriller
Jeramey,Glendinning,jglendinningp@adobe.com,Male,56,Renault,Help Desk Technician,Thriller
Pacorro,Shatliff,pshatliffq@businesswire.com,Male,44,Ford,Systems Administrator II,Thriller
Celle,Meecher,cmeecherr@bloglovin.com,Female,24,Opel,Biostatistician II,Action
Jamill,MacEnelly,jmacenellys@reddit.com,Male,64,Renault,Quality Control Specialist,Thriller
Cece,Hatfield,chatfieldt@dropbox.com,Male,77,Renault,Compensation Analyst,Action
Sigismondo,Lyenyng,slyenyngu@who.int,Male,79,Opel,Health Coach I,Drama
Pamela,Kinkade,pkinkadev@sitemeter.com,Female,29,Opel,Quality Control Specialist,Thriller
Nissy,Darter,ndarterw@cam.ac.uk,Female,26,Mazda,Accounting Assistant IV,Thriller
Jonis,Huskinson,jhuskinsonx@cnet.com,Female,47,Opel,Chemical Engineer,Action
Deena,Cansfield,dcansfieldy@technorati.com,Female,37,Mazda,Analyst Programmer,Thriller
Arda,Pilger,apilgerz@mac.com,Female,80,Opel,Associate Professor,Thriller
Edyth,Keilloh,ekeilloh10@artisteer.com,Female,61,Opel,Speech Pathologist,Drama
Barrie,Meeland,bmeeland11@dagondesign.com,Male,67,Mazda,Analog Circuit Design manager,Thriller
Ingram,Murby,imurby12@senate.gov,Male,21,Renault,Financial Analyst,Action
Lauritz,Westrip,lwestrip13@sogou.com,Male,22,Renault,Associate Professor,Drama
Aeriela,Keat,akeat14@bbc.co.uk,Female,78,Renault,Software Engineer III,Thriller
Townie,Heddon,theddon15@nyu.edu,Male,71,BMW,Office Assistant II,Thriller
Gratia,Cully,gcully16@squidoo.com,Female,59,Mazda,Staff Accountant III,Drama
Elianora,Maden,emaden17@psu.edu,Female,58,Renault,Programmer Analyst IV,Thriller
Karla,MacNeachtain,kmacneachtain18@cpanel.net,Female,79,Opel,Health Coach IV,Thriller
Ferdinanda,Aujouanet,faujouanet19@amazon.de,Female,80,Renault,Project Manager,Drama
Heloise,McGown,hmcgown1a@unicef.org,Female,41,Ford,Pharmacist,Thriller
Jerald,Sommerfeld,jsommerfeld1b@flickr.com,Male,37,Renault,VP Marketing,Thriller
Allayne,Libreros,alibreros1c@bizjournals.com,Male,41,Renault,VP Quality Control,Thriller
Benjamin,Aggiss,baggiss1d@facebook.com,Male,62,Opel,Sales Associate,Drama
Oralie,Faustian,ofaustian1e@ed.gov,Female,54,Renault,Statistician I,Thriller
Randolf,Huitt,rhuitt1f@fotki.com,Male,59,Renault,Compensation Analyst,Comedy
Jehanna,Pelcheur,jpelcheur1g@indiatimes.com,Female,24,Renault,Web Designer III,Thriller
Rupert,Chawkley,rchawkley1h@goo.ne.jp,Male,60,Opel,Assistant Manager,Drama
Cissiee,Tilston,ctilston1i@army.mil,Female,32,Mazda,VP Marketing,Drama
Marilin,Dumbelton,mdumbelton1j@goo.ne.jp,Female,26,Renault,VP Quality Control,Thriller
Jillane,O'Neal,joneal1k@alexa.com,Female,78,Opel,Research Assistant II,Thriller
Tania,Gleasane,tgleasane1l@4shared.com,Female,60,Renault,Nurse Practicioner,Thriller
Shelden,Hasney,shasney1m@google.de,Male,30,Renault,Senior Quality Engineer,Thriller
Minetta,Thomsson,mthomsson1n@buzzfeed.com,Female,53,Opel,VP Accounting,Drama
Brian,Durtnall,bdurtnall1o@creativecommons.org,Male,21,Opel,Operator,Drama
Aguie,Lynskey,alynskey1p@who.int,Male,22,Renault,Speech Pathologist,Drama
Natty,Carluccio,ncarluccio1q@globo.com,Female,66,Opel,Quality Engineer,Thriller
Penn,Humber,phumber1r@fotki.com,Male,79,Ford,Data Coordiator,Thriller
Giacinta,Vasyukhichev,gvasyukhichev1s@dropbox.com,Female,63,Mazda,Senior Financial Analyst,Romance
Eolande,Cockren,ecockren1t@i2i.jp,Female,79,Fiat,Health Coach I,Thriller
Coral,Jessope,cjessope1u@quantcast.com,Female,74,Renault,Social Worker,Thriller
Sax,Broggetti,sbroggetti1v@furl.net,Male,57,Renault,Senior Sales Associate,Thriller
Weber,Shipton,wshipton1w@vk.com,Male,66,Mazda,Account Representative IV,Thriller
Elissa,Covelle,ecovelle1x@livejournal.com,Female,23,Opel,Operator,Comedy
Nomi,Giacomini,ngiacomini1y@census.gov,Female,29,Mazda,Human Resources Manager,Comedy
Chrotoem,Rosengart,crosengart1z@weather.com,Male,54,Mazda,Financial Advisor,Horror
Kerry,Poolman,kpoolman20@weather.com,Male,63,Renault,Programmer III,Comedy
Pauli,Brockley,pbrockley21@java.com,Female,43,Renault,VP Sales,Romance
Diane,Sancto,dsancto22@zdnet.com,Female,21,Ford,Accounting Assistant II,Action
Chev,Bateman,cbateman23@epa.gov,Male,58,Opel,Marketing Manager,Drama
Steffi,Benedick,sbenedick24@indiatimes.com,Female,69,Renault,Geological Engineer,Thriller
Samara,Sandeland,ssandeland25@patch.com,Female,23,Mazda,Database Administrator II,Drama
Florance,Klawi,fklawi26@ox.ac.uk,Female,52,BMW,Occupational Therapist,Thriller
Alysa,Flahive,aflahive27@multiply.com,Female,62,Renault,Systems Administrator III,Action
Allyson,Coogan,acoogan28@weibo.com,Female,20,Renault,Chief Design Engineer,Comedy
Corabel,Stronack,cstronack29@github.com,Female,77,Mazda,Account Representative III,Thriller
Sallie,Kyrkeman,skyrkeman2a@newyorker.com,Female,32,Renault,Teacher,Thriller
Edwin,Jalland,ejalland2b@csmonitor.com,Male,67,Renault,Research Nurse,Drama
Skyler,Ferrarini,sferrarini2c@google.cn,Male,72,Renault,Financial Analyst,Thriller
Gregg,Stuttard,gstuttard2d@about.com,Male,56,Mazda,Occupational Therapist,Thriller
Sinclair,Rootham,srootham2e@paypal.com,Male,43,Mazda,Senior Financial Analyst,Horror
Pryce,Colquit,pcolquit2f@infoseek.co.jp,Male,32,Mazda,Structural Engineer,Thriller
Casandra,Macer,cmacer2g@g.co,Female,35,Renault,Help Desk Operator,Thriller
Northrup,Manilo,nmanilo2h@comcast.net,Male,71,Opel,Chief Design Engineer,Thriller
Haven,Curnow,hcurnow2i@exblog.jp,Male,56,Renault,Graphic Designer,Thriller
Brigg,Trayhorn,btrayhorn2j@flickr.com,Male,20,Renault,Recruiting Manager,Thriller
Fabian,Collie,fcollie2k@seesaa.net,Male,80,Fiat,Human Resources Manager,Thriller
Thebault,Weildish,tweildish2l@dion.ne.jp,Male,55,Opel,Help Desk Operator,Romance
Gilemette,Novis,gnovis2m@skyrock.com,Female,31,Opel,Teacher,Comedy
Marten,Heinert,mheinert2n@state.tx.us,Male,59,Renault,Nurse Practicioner,Drama
Skipton,McGenn,smcgenn2o@freewebs.com,Male,77,Opel,Administrative Officer,Thriller
Chiquia,Tagg,ctagg2p@home.pl,Female,73,Opel,Software Engineer III,Action
Lindon,Jewell,ljewell2q@list-manage.com,Male,45,Renault,Health Coach IV,Thriller
Gar,Lamps,glamps2r@mapquest.com,Male,48,Opel,Payment Adjustment Coordinator,Drama
Maegan,Markussen,mmarkussen2s@tripadvisor.com,Female,75,Mazda,Administrative Assistant III,Romance
Cally,Garlic,cgarlic2t@google.com.au,Female,25,Opel,Quality Control Specialist,Action
Humfrid,Scawen,hscawen2u@uol.com.br,Male,79,Ford,Sales Representative,Thriller
Wallis,Hollow,whollow2v@cmu.edu,Female,54,Mazda,Environmental Specialist,Thriller
Calli,Pawelczyk,cpawelczyk2w@admin.ch,Female,45,Renault,Help Desk Technician,Action
Meridith,Beetles,mbeetles2x@aol.com,Female,58,Renault,Engineer I,Comedy
Agretha,Chawner,achawner2y@issuu.com,Female,75,Renault,Design Engineer,Action
Rahel,Barker,rbarker2z@weather.com,Female,53,Opel,Marketing Assistant,Thriller
Wyatt,Bennitt,wbennitt30@spiegel.de,Male,23,Renault,Geological Engineer,Thriller
Ora,Sneller,osneller31@squarespace.com,Female,57,Dacia,Design Engineer,Thriller
Phip,Elderbrant,pelderbrant32@technorati.com,Male,24,Opel,Software Consultant,Drama
Prudence,Allmark,pallmark33@netlog.com,Female,56,Renault,Registered Nurse,Comedy
Jeanie,Shoebotham,jshoebotham34@soup.io,Female,59,Renault,Senior Financial Analyst,Drama
Isidora,Daviot,idaviot35@privacy.gov.au,Female,21,Renault,Software Engineer IV,Drama
Fey,Turpin,fturpin36@discovery.com,Female,74,Renault,Programmer Analyst II,Thriller
Maddie,Vayro,mvayro37@si.edu,Male,69,Opel,Design Engineer,Action
Alphonse,Feldharker,afeldharker38@amazon.co.jp,Male,21,BMW,Actuary,Drama
Lem,Richardon,lrichardon39@phpbb.com,Male,24,Ford,Account Coordinator,Drama
Grata,Cardenosa,gcardenosa3a@forbes.com,Female,43,Opel,Biostatistician IV,Thriller
Cherrita,Dundendale,cdundendale3b@arstechnica.com,Female,68,Mazda,Cost Accountant,Drama
Phedra,Caney,pcaney3c@barnesandnoble.com,Female,29,Renault,Recruiter,Comedy
Jodi,Malek,jmalek3d@rakuten.co.jp,Female,80,Renault,Product Engineer,Thriller
Kevin,Lambert-Ciorwyn,klambertciorwyn3e@youtu.be,Male,65,Renault,Recruiting Manager,Comedy
Chicky,Gossart,cgossart3f@disqus.com,Male,45,Renault,Financial Advisor,Thriller
Faustina,Forge,fforge3g@scribd.com,Female,21,Fiat,Paralegal,Thriller
Nydia,Cholton,ncholton3h@sogou.com,Female,51,Renault,Research Associate,Thriller
Chelsie,Clucas,cclucas3i@pbs.org,Female,53,Opel,Marketing Assistant,Thriller
Marlo,O' Brian,mobrian3j@xrea.com,Male,28,Opel,Administrative Officer,Thriller
Felicdad,Beven,fbeven3k@cnn.com,Female,55,Renault,Librarian,Drama
Wildon,Oxberry,woxberry3l@dailymotion.com,Male,69,Opel,Financial Analyst,Thriller
Maynard,Kendle,mkendle3m@webnode.com,Male,71,Mazda,Design Engineer,Action
Effie,Hargrave,ehargrave3n@rediff.com,Female,47,Fiat,Analog Circuit Design manager,Thriller
Nickie,Land,nland3o@comsenz.com,Male,51,Renault,Data Coordiator,Thriller
Sibilla,Killford,skillford3p@dagondesign.com,Female,22,Ford,Tax Accountant,Thriller
Honoria,Davidzon,hdavidzon3q@bigcartel.com,Female,68,Opel,Help Desk Technician,Comedy
Stevena,Maffy,smaffy3r@ycombinator.com,Female,45,Renault,Computer Systems Analyst II,Thriller
Tye,Braben,tbraben3s@oracle.com,Male,66,Mazda,Programmer Analyst IV,Thriller
Farand,Barrat,fbarrat3t@tuttocitta.it,Female,80,Renault,Assistant Media Planner,Comedy
Alard,Darrington,adarrington3u@jiathis.com,Male,61,Renault,Senior Cost Accountant,Drama
Inna,Lamps,ilamps3v@youtu.be,Female,41,Fiat,Geological Engineer,Thriller
Ivar,Birchall,ibirchall3w@nasa.gov,Male,44,Mazda,Chief Design Engineer,Thriller
Stanton,Blewett,sblewett3x@apache.org,Male,31,Opel,Actuary,Horror
Nelie,Troutbeck,ntroutbeck3y@mit.edu,Female,23,Opel,VP Sales,Thriller
Fredric,Nolleth,fnolleth3z@issuu.com,Male,29,Mazda,Marketing Manager,Thriller
Lizette,MacLennan,lmaclennan40@who.int,Female,59,Mazda,Librarian,Comedy
Misty,Teffrey,mteffrey41@latimes.com,Female,50,Opel,Clinical Specialist,Drama
Arvie,Neal,aneal42@sciencedirect.com,Male,72,Opel,Health Coach III,Drama
Odelinda,Janosevic,ojanosevic43@washingtonpost.com,Female,22,Opel,Human Resources Manager,Thriller
Israel,Whodcoat,iwhodcoat44@github.com,Male,75,Ford,Internal Auditor,Thriller
Selena,Marchand,smarchand45@technorati.com,Female,60,Renault,Software Consultant,Thriller
Lani,Klimt,lklimt46@msn.com,Female,55,Opel,Software Consultant,Action
Reagan,Marlor,rmarlor47@theguardian.com,Male,66,Renault,Biostatistician I,Drama
Raimund,MacConnal,rmacconnal48@imgur.com,Male,70,Opel,Structural Engineer,Comedy
Liva,Ledur,lledur49@gizmodo.com,Female,53,Fiat,Project Manager,Comedy
Elvera,Matthewson,ematthewson4a@alibaba.com,Female,65,Opel,Health Coach III,Romance
Nadia,Rubinsky,nrubinsky4b@theglobeandmail.com,Female,51,Renault,Pharmacist,Thriller
Geoff,Knivett,gknivett4c@people.com.cn,Male,51,Renault,Professor,Comedy
Eddi,Felix,efelix4d@liveinternet.ru,Female,39,Renault,Office Assistant II,Romance
Emyle,Cuschieri,ecuschieri4e@usda.gov,Female,37,Mazda,Environmental Tech,Drama
Ambrosi,Waby,awaby4f@theguardian.com,Male,63,Mazda,VP Accounting,Thriller
Edythe,Ivanchenkov,eivanchenkov4g@barnesandnoble.com,Female,43,Renault,Assistant Professor,Thriller
Joann,Flewan,jflewan4h@cbslocal.com,Female,26,Opel,Media Manager II,Drama
Randi,Manton,rmanton4i@huffingtonpost.com,Male,23,Mazda,Web Designer II,Drama
Toddie,McCluin,tmccluin4j@wsj.com,Male,51,Renault,Programmer I,Thriller
Gaultiero,Mayor,gmayor4k@go.com,Male,50,Opel,Safety Technician I,Thriller
Frazier,Balazs,fbalazs4l@privacy.gov.au,Male,32,Renault,Web Designer II,Drama
Gayel,Howcroft,ghowcroft4m@japanpost.jp,Female,34,Opel,Computer Systems Analyst III,Drama
Justen,Moehle,jmoehle4n@nature.com,Male,61,Renault,Marketing Assistant,Thriller
Natalie,Hall,nhall4o@ameblo.jp,Female,35,Renault,Associate Professor,Comedy
Berk,Simonato,bsimonato4p@unicef.org,Male,44,Renault,Registered Nurse,Thriller
Sissie,Blondin,sblondin4q@ihg.com,Female,32,Dacia,Project Manager,Drama
Clayson,Mullenger,cmullenger4r@xrea.com,Male,68,Renault,Programmer II,Comedy
Rikki,Tiery,rtiery4s@state.tx.us,Male,79,Opel,Cost Accountant,Thriller
Rurik,Slott,rslott4t@baidu.com,Male,41,Renault,Professor,Thriller
Ely,Buxam,ebuxam4u@auda.org.au,Male,63,Opel,Analyst Programmer,Thriller
Rozalie,Peirce,rpeirce4v@uol.com.br,Female,63,Renault,Geological Engineer,Thriller
Ab,Hurler,ahurler4w@dagondesign.com,Male,21,Renault,Senior Developer,Drama
Marketa,Yexley,myexley4x@nymag.com,Female,21,Renault,Account Coordinator,Thriller
Herminia,Tomovic,htomovic4y@hexun.com,Female,78,Renault,Web Designer III,Comedy
Gerik,Kiledal,gkiledal4z@drupal.org,Male,60,Renault,Account Representative I,Thriller
Alexander,Gyde,agyde50@chron.com,Male,60,Mazda,VP Product Management,Action
Charisse,Twoohy,ctwoohy51@slashdot.org,Female,33,Renault,Systems Administrator I,Drama
Dillie,Baynton,dbaynton52@php.net,Male,52,Renault,Statistician I,Thriller
Christiana,Levins,clevins53@washingtonpost.com,Female,56,Ford,Senior Sales Associate,Thriller
Gilbertina,Menilove,gmenilove54@hc360.com,Female,72,Renault,Human Resources Assistant II,Thriller
Enoch,Junes,ejunes55@free.fr,Male,52,Renault,Account Executive,Thriller
Aile,Bagby,abagby56@dropbox.com,Female,38,Renault,Executive Secretary,Thriller
Edith,Pail,epail57@shop-pro.jp,Female,43,Renault,Financial Advisor,Thriller
Dael,Redier,dredier58@google.co.jp,Male,56,Renault,Senior Developer,Thriller
Cody,Corss,ccorss59@shutterfly.com,Female,69,Opel,Biostatistician I,Comedy
Noelle,Kubec,nkubec5a@gov.uk,Female,28,Opel,Librarian,Comedy
Tabbie,Antwis,tantwis5b@zdnet.com,Male,37,Renault,Design Engineer,Thriller
Shea,Taylorson,staylorson5c@geocities.com,Male,47,Renault,Software Test Engineer II,Thriller
Gracie,Kensington,gkensington5d@dedecms.com,Female,26,Renault,Software Test Engineer I,Thriller
Gerri,Fronks,gfronks5e@jiathis.com,Male,29,Renault,Developer IV,Drama
Clair,Chillistone,cchillistone5f@github.io,Female,61,Renault,Senior Quality Engineer,Thriller
Maren,Grubbe,mgrubbe5g@uol.com.br,Female,69,Opel,Pharmacist,Drama
Neysa,Aylen,naylen5h@clickbank.net,Female,73,Mazda,Executive Secretary,Action
Clim,Giovannacc@i,cgiovannacci5i@virginia.edu,Male,38,Opel,Assistant Professor,Horror
Linn,Duffyn,lduffyn5j@google.pl,Male,58,Ford,Nurse,Thriller
Mark,Bramford,mbramford5k@geocities.com,Male,45,Opel,Administrative Assistant II,Thriller
Margette,McNeachtain,mmcneachtain5l@ucsd.edu,Female,25,Renault,Tax Accountant,Thriller
Eleen,Bawles,ebawles5m@squidoo.com,Female,47,Fiat,Chief Design Engineer,Action
Erl,McTrustram,emctrustram5n@yale.edu,Male,48,Renault,Software Test Engineer III,Thriller
Felicia,Burvill,fburvill5o@businesswire.com,Female,68,Renault,Biostatistician III,Drama
Sofie,Swyer-Sexey,sswyersexey5p@histats.com,Female,64,Renault,Marketing Manager,Thriller
Xerxes,O'Halligan,xohalligan5q@smh.com.au,Male,25,Mazda,Paralegal,Action
Henrietta,de Vaen,hdevaen5r@ucoz.ru,Female,37,Renault,Analog Circuit Design manager,Thriller
Cory,MacKartan,cmackartan5s@nydailynews.com,Female,29,Renault,Research Associate,Thriller
Lowrance,Mussolini,lmussolini5t@virginia.edu,Male,64,Renault,Graphic Designer,Thriller
Daren,Hallibone,dhallibone5u@washingtonpost.com,Male,62,Renault,Mechanical Systems Engineer,Drama
Janelle,Goldstein,jgoldstein5v@canalblog.com,Female,66,Ford,Developer I,Drama
Arley,Godilington,agodilington5w@google.de,Male,47,Opel,Business Systems Development Analyst,Thriller
Boris,Mapes,bmapes5x@disqus.com,Male,21,Mazda,Research Associate,Action
Rubina,Laydel,rlaydel5y@vk.com,Female,46,Ford,Payment Adjustment Coordinator,Thriller
Jenna,Alred,jalred5z@kickstarter.com,Female,20,Renault,Budget/Accounting Analyst IV,Thriller
Juliann,Heilds,jheilds60@about.me,Female,39,Renault,Quality Control Specialist,Thriller
Niels,Coalburn,ncoalburn61@howstuffworks.com,Male,30,Renault,Safety Technician IV,Thriller
Winona,Halgarth,whalgarth62@sakura.ne.jp,Female,24,Renault,Accounting Assistant I,Comedy
Nonna,Tosney,ntosney63@cbc.ca,Female,29,Opel,Human Resources Assistant IV,Thriller
Inna,Rahl,irahl64@chronoengine.com,Female,58,Ford,Quality Engineer,Thriller
Babette,Patridge,bpatridge65@ft.com,Female,65,Opel,Speech Pathologist,Thriller
Ursa,Myton,umyton66@wisc.edu,Female,71,Dacia,VP Marketing,Thriller
Vivien,Ruusa,vruusa67@google.de,Female,64,Opel,Chief Design Engineer,Drama
Lockwood,Rutley,lrutley68@washington.edu,Male,80,Renault,Account Executive,Thriller
Anastasia,Marvelley,amarvelley69@shutterfly.com,Female,33,Renault,Computer Systems Analyst III,Thriller
Magdalena,Ludye,mludye6a@nationalgeographic.com,Female,58,Opel,Software Consultant,Romance
Valene,Colborn,vcolborn6b@nasa.gov,Female,44,Renault,Tax Accountant,Thriller
Helyn,Schrir,hschrir6c@stanford.edu,Female,75,Opel,VP Product Management,Thriller
Orlan,Orfeur,oorfeur6d@simplemachines.org,Male,75,Renault,Web Designer II,Horror
Pauline,Lait,plait6e@domainmarket.com,Female,65,Mazda,Food Chemist,Thriller
Corrina,Allon,callon6f@github.com,Female,44,Renault,Associate Professor,Thriller
Reinold,Bleibaum,rbleibaum6g@over-blog.com,Male,23,Renault,Tax Accountant,Thriller
Stephan,Bentall,sbentall6h@aboutads.info,Male,39,Opel,Chemical Engineer,Romance
Jephthah,Raffin,jraffin6i@walmart.com,Male,71,Opel,Quality Control Specialist,Thriller
Faunie,Newton,fnewton6j@sphinn.com,Female,67,Renault,Compensation Analyst,Thriller
Benny,Rait,brait6k@qq.com,Male,29,Opel,Senior Developer,Drama
Roda,Chrichton,rchrichton6l@slate.com,Female,30,Opel,Speech Pathologist,Thriller
Cicely,Jacobowicz,cjacobowicz6m@blinklist.com,Female,70,Opel,VP Quality Control,Thriller
Haley,Driffill,hdriffill6n@google.pl,Female,44,Mazda,Data Coordiator,Romance
Cynthie,Hourston,chourston6o@clickbank.net,Female,61,Renault,Software Consultant,Comedy
Collete,Haney,chaney6p@yellowbook.com,Female,72,Renault,Health Coach I,Comedy
Lew,Garretson,lgarretson6q@jigsy.com,Male,48,Opel,Assistant Manager,Action
Alvera,Brewis,abrewis6r@wordpress.com,Female,44,Renault,Marketing Manager,Thriller
Murray,Rydeard,mrydeard6s@addthis.com,Male,48,Opel,Editor,Drama
Kerwin,Dei,kdei6t@economist.com,Male,30,Opel,Automation Specialist I,Action
Ferrell,Leyband,fleyband6u@hc360.com,Male,47,Mazda,Assistant Manager,Thriller
Jordana,Thomlinson,jthomlinson6v@bbc.co.uk,Female,31,Renault,Senior Cost Accountant,Thriller
Miriam,Harp,mharp6w@macromedia.com,Female,75,Mazda,Mechanical Systems Engineer,Thriller
Brunhilde,Hearn,bhearn6x@chronoengine.com,Female,56,Renault,Help Desk Technician,Comedy
Allyn,Fee,afee6y@miibeian.gov.cn,Male,53,Opel,Office Assistant I,Thriller
Ginger,Lucken,glucken6z@51.la,Male,77,Mazda,Chemical Engineer,Horror
Constancia,Mougin,cmougin70@soup.io,Female,67,Renault,Associate Professor,Thriller
Steward,Poles,spoles71@whitehouse.gov,Male,68,BMW,Financial Analyst,Drama
Rebbecca,Ping,rping72@walmart.com,Female,30,Opel,Computer Systems Analyst IV,Drama
Rochelle,Danilchenko,rdanilchenko73@ovh.net,Female,21,Renault,Programmer II,Thriller
Garry,Moxham,gmoxham74@technorati.com,Male,27,Opel,Analyst Programmer,Thriller
Towny,Quilkin,tquilkin75@samsung.com,Male,51,Mazda,Information Systems Manager,Thriller
Theodosia,Garman,tgarman76@earthlink.net,Female,28,Opel,Staff Scientist,Thriller
Gay,Cooney,gcooney77@bloomberg.com,Male,47,Mazda,Dental Hygienist,Thriller
Laureen,MacClenan,lmacclenan78@ca.gov,Female,51,Ford,Operator,Drama
Carlota,Bucktrout,cbucktrout79@youku.com,Female,50,Renault,Software Engineer I,Drama
Ninon,Clyburn,nclyburn7a@addthis.com,Female,23,Renault,Teacher,Drama
Jessee,Timson,jtimson7b@bing.com,Male,44,Renault,Budget/Accounting Analyst IV,Thriller
Westbrooke,Dufour,wdufour7c@reverbnation.com,Male,45,Renault,Community Outreach Specialist,Thriller
Terra,Rebichon,trebichon7d@1688.com,Female,21,Renault,Developer III,Horror
Mimi,Lorrie,mlorrie7e@weebly.com,Female,45,Renault,Quality Engineer,Thriller
Odelinda,Pyrton,opyrton7f@google.nl,Female,34,Mazda,Technical Writer,Thriller
Lew,Gogie,lgogie7g@noaa.gov,Male,51,Opel,Chemical Engineer,Thriller
Rickert,Powis,rpowis7h@statcounter.com,Male,65,Mazda,Teacher,Comedy
Andie,Boulder,aboulder7i@360.cn,Female,64,Renault,Nuclear Power Engineer,Thriller
Adele,Buzine,abuzine7j@vk.com,Female,58,Renault,Paralegal,Thriller
Daven,Bygrave,dbygrave7k@google.com.hk,Male,25,Opel,Data Coordiator,Drama
Red,De Cruze,rdecruze7l@slideshare.net,Male,38,Opel,Computer Systems Analyst IV,Thriller
Erwin,Whittock,ewhittock7m@live.com,Male,71,Fiat,VP Marketing,Thriller
Eimile,Leel,eleel7n@e-recht24.de,Female,59,Renault,Physical Therapy Assistant,Thriller
Chico,MacGilpatrick,cmacgilpatrick7o@ustream.tv,Male,72,Renault,Web Designer II,Thriller
Valeria,Dray,vdray7p@yellowbook.com,Female,27,Renault,Nurse,Horror
Madison,Shone,mshone7q@theglobeandmail.com,Male,52,Mazda,Statistician I,Thriller
Wynn,Brickham,wbrickham7r@youtu.be,Female,75,Renault,Assistant Manager,Thriller
Max,Rintoul,mrintoul7s@ibm.com,Male,39,Renault,Business Systems Development Analyst,Drama
Dara,Marlowe,dmarlowe7t@auda.org.au,Female,75,Renault,Office Assistant II,Drama
Ebenezer,Wethey,ewethey7u@bbb.org,Male,48,Mazda,Help Desk Operator,Thriller
Ker,Markova,kmarkova7v@csmonitor.com,Male,40,BMW,Assistant Manager,Thriller
Joella,Iskower,jiskower7w@github.com,Female,39,Mazda,VP Product Management,Thriller
Matthieu,Gussin,mgussin7x@hugedomains.com,Male,76,Renault,Senior Sales Associate,Comedy
Davie,Jiggen,djiggen7y@accuweather.com,Male,46,Ford,Health Coach II,Drama
Brittaney,Flatte,bflatte7z@ebay.co.uk,Female,49,Opel,Accountant III,Thriller
Graig,Towersey,gtowersey80@elpais.com,Male,24,Opel,Financial Analyst,Drama
Jarrett,Paty,jpaty81@wix.com,Male,66,Renault,Automation Specialist II,Thriller
Constantine,Woltman,cwoltman82@blinklist.com,Male,55,Opel,Paralegal,Thriller
Rochella,Sommers,rsommers83@jigsy.com,Female,37,Renault,Assistant Media Planner,Drama
Zelda,Farrance,zfarrance84@nymag.com,Female,79,Renault,Physical Therapy Assistant,Drama
Tania,Mantripp,tmantripp85@ftc.gov,Female,71,Renault,Marketing Manager,Thriller
Erna,Dudding,edudding86@reddit.com,Female,50,Opel,Financial Advisor,Thriller
Jean,Burner,jburner87@ft.com,Female,20,Mazda,Account Representative II,Thriller
Randie,McLuckie,rmcluckie88@accuweather.com,Female,25,Mazda,Marketing Assistant,Thriller
Kristin,Nitto,knitto89@dot.gov,Female,66,Opel,Pharmacist,Drama
Valencia,Sibary,vsibary8a@nbcnews.com,Female,33,Renault,Software Consultant,Thriller
Boycie,Pellman,bpellman8b@hibu.com,Male,36,Opel,Programmer Analyst III,Thriller
Jessie,Leil,jleil8c@netlog.com,Male,67,Mazda,Sales Representative,Horror
Rafaelita,Collingdon,rcollingdon8d@ehow.com,Female,72,Opel,Assistant Media Planner,Thriller
Misty,Bartles,mbartles8e@samsung.com,Female,35,Opel,Information Systems Manager,Drama
Phylis,Huton,phuton8f@newsvine.com,Female,75,Mazda,Technical Writer,Thriller
Shawn,Chessum,schessum8g@unesco.org,Female,28,Opel,Financial Analyst,Thriller
Sherlock,Birtwell,sbirtwell8h@dion.ne.jp,Male,52,Renault,Health Coach II,Thriller
Jaquith,Slocum,jslocum8i@zdnet.com,Female,80,Ford,Sales Associate,Drama
Webb,Pelos,wpelos8j@huffingtonpost.com,Male,69,Mazda,Database Administrator II,Drama
Michele,Tander,mtander8k@soundcloud.com,Male,76,Dacia,Account Executive,Thriller
Sean,Scroggins,sscroggins8l@google.it,Female,26,Opel,Professor,Drama
Willie,Croix,wcroix8m@seesaa.net,Female,48,Opel,Health Coach I,Drama
Walker,Diemer,wdiemer8n@t.co,Male,79,Mazda,Geological Engineer,Drama
Wenona,Plumridge,wplumridge8o@blogspot.com,Female,31,Opel,Teacher,Thriller
Mohandas,Margrem,mmargrem8p@java.com,Male,20,Fiat,Senior Quality Engineer,Thriller
Melodie,Spinas,mspinas8q@sina.com.cn,Female,49,Fiat,Account Coordinator,Thriller
Nissa,Crocroft,ncrocroft8r@redcross.org,Female,78,Renault,Geological Engineer,Thriller
Grier,Sherel,gsherel8s@nhs.uk,Female,60,Renault,Web Developer III,Thriller
Jillane,Lum,jlum8t@skyrock.com,Female,79,Renault,Senior Editor,Drama
Bev,Olivera,bolivera8u@nasa.gov,Male,26,Renault,Assistant Media Planner,Drama
Lyn,Gutowska,lgutowska8v@stanford.edu,Female,61,Renault,Administrative Assistant IV,Thriller
Callie,Coultass,ccoultass8w@theguardian.com,Female,49,Opel,GIS Technical Architect,Thriller
Tobias,Sheer,tsheer8x@aol.com,Male,61,Fiat,Operator,Thriller
Babb,Bjerkan,bbjerkan8y@weather.com,Female,37,Opel,Web Developer IV,Romance
Anderea,Wittrington,awittrington8z@europa.eu,Female,69,Renault,Developer II,Drama
Jena,Corneck,jcorneck90@npr.org,Female,51,Mazda,Research Assistant I,Comedy
Adriano,Rizzello,arizzello91@posterous.com,Male,29,Renault,Media Manager IV,Thriller
Bay,Cutsforth,bcutsforth92@hibu.com,Male,59,Renault,Executive Secretary,Thriller
Grethel,De Blasio,gdeblasio93@webeden.co.uk,Female,63,Renault,Food Chemist,Action
Giordano,Arsmith,garsmith94@163.com,Male,22,Renault,Programmer II,Horror
Kimmi,Taggart,ktaggart95@imgur.com,Female,50,Opel,Marketing Assistant,Thriller
Maritsa,Heers,mheers96@opensource.org,Female,48,BMW,Web Developer II,Thriller
Damon,Bacchus,dbacchus97@nature.com,Male,71,BMW,Food Chemist,Thriller
Cassaundra,Grevile,cgrevile98@hp.com,Female,41,Mazda,Senior Sales Associate,Drama
Maia,Ludy,mludy99@thetimes.co.uk,Female,42,Opel,Speech Pathologist,Drama
Wolfy,Hutchings,whutchings9a@vimeo.com,Male,78,Opel,Social Worker,Horror
Mano,Faivre,mfaivre9b@reuters.com,Male,45,Opel,Nurse,Thriller
Marie-ann,Covet,mcovet9c@bluehost.com,Female,26,Opel,Occupational Therapist,Thriller
Theobald,Daugherty,tdaugherty9d@yahoo.com,Male,46,Renault,Structural Analysis Engineer,Action
Anthiathia,Lambdean,alambdean9e@rediff.com,Female,35,Renault,Occupational Therapist,Thriller
Karyn,Warrington,kwarrington9f@w3.org,Female,62,Opel,Desktop Support Technician,Thriller
Abagael,Checketts,achecketts9g@posterous.com,Female,37,Mazda,Database Administrator III,Thriller
Eldin,Gilcriest,egilcriest9h@geocities.jp,Male,71,Ford,Community Outreach Specialist,Thriller
Sheelagh,Roddell,sroddell9i@mit.edu,Female,28,Opel,Senior Sales Associate,Thriller
Irving,Kear,ikear9j@wsj.com,Male,40,Renault,Junior Executive,Action
Myer,Ebben,mebben9k@census.gov,Male,27,Renault,Human Resources Manager,Drama
Rem,Gait,rgait9l@delicious.com,Male,66,Renault,Developer I,Drama
Hamid,Vahl,hvahl9m@networksolutions.com,Male,59,Renault,Developer II,Thriller
Rufe,Rohloff,rrohloff9n@examiner.com,Male,53,Opel,Senior Editor,Thriller
Cord,Gerson,cgerson9o@deviantart.com,Male,30,Ford,Analyst Programmer,Thriller
Freddi,Pletts,fpletts9p@walmart.com,Female,65,Opel,VP Marketing,Thriller
Lucky,Allard,lallard9q@dell.com,Female,63,Opel,Sales Representative,Drama
Lorrie,Peel,lpeel9r@senate.gov,Male,46,Opel,Engineer II,Drama
Porter,Pettett,ppettett9s@goo.ne.jp,Male,56,Renault,Accounting Assistant I,Thriller
Stern,De Gogay,sdegogay9t@nationalgeographic.com,Male,61,Mazda,Safety Technician IV,Drama
Felice,Stockman,fstockman9u@themeforest.net,Female,20,Renault,Data Coordiator,Thriller
Maxie,Pirolini,mpirolini9v@arstechnica.com,Male,71,Renault,VP Sales,Drama
Nigel,Escalero,nescalero9w@ebay.co.uk,Male,26,Renault,Programmer Analyst III,Thriller
Tybi,Ansett,tansett9x@zimbio.com,Female,58,Renault,Assistant Media Planner,Drama
Melly,Okenden,mokenden9y@amazonaws.com,Female,75,Opel,Project Manager,Thriller
Carolan,Siderfin,csiderfin9z@google.ru,Female,28,Renault,Senior Editor,Action
Sisile,Cathersides,scathersidesa0@ebay.co.uk,Female,38,Fiat,Budget/Accounting Analyst I,Thriller
Armstrong,Byllam,abyllama1@earthlink.net,Male,40,Ford,Help Desk Operator,Action
Cale,Shilliday,cshillidaya2@mozilla.com,Male,76,Renault,VP Quality Control,Horror
Thaine,Keaton,tkeatona3@oakley.com,Male,50,Renault,Marketing Manager,Romance
Jerrie,Bennetto,jbennettoa4@skyrock.com,Male,60,Mazda,Budget/Accounting Analyst IV,Thriller
Marmaduke,Arnao,marnaoa5@sbwire.com,Male,61,Opel,Geologist IV,Thriller
Tyler,McKimm,tmckimma6@salon.com,Male,37,Renault,Computer Systems Analyst III,Romance
Anastasie,Richarson,aricharsona7@i2i.jp,Female,51,Renault,VP Product Management,Drama
Chrissy,O'Neill,coneilla8@examiner.com,Male,48,Renault,Web Developer I,Thriller
Jamal,Norquay,jnorquaya9@arizona.edu,Male,49,Opel,Accountant III,Comedy
Reilly,Gaffon,rgaffonaa@acquirethisname.com,Male,50,Renault,Accountant I,Thriller
Mady,Fareweather,mfareweatherab@1und1.de,Female,74,Renault,Data Coordiator,Thriller
Dore,Devers,ddeversac@usgs.gov,Female,34,Renault,Occupational Therapist,Thriller
Clerc,Andrus,candrusad@tiny.cc,Male,74,Opel,Civil Engineer,Thriller
Persis,Khomich,pkhomichae@gmpg.org,Female,24,Renault,Engineer III,Thriller
Harp,Spanswick,hspanswickaf@moonfruit.com,Male,79,Renault,Software Test Engineer I,Thriller
Yettie,Bygrave,ybygraveag@infoseek.co.jp,Female,38,Opel,Software Consultant,Thriller
Merv,Kingzett,mkingzettah@addthis.com,Male,54,Renault,Assistant Manager,Drama
Lorelle,Dudek,ldudekai@nifty.com,Female,39,Renault,Software Test Engineer II,Thriller
Barri,Accomb,baccombaj@youtu.be,Male,22,Opel,Staff Scientist,Comedy
Casi,Duhig,cduhigak@amazon.de,Female,47,Renault,Office Assistant I,Drama
Fonzie,Dradey,fdradeyal@ow.ly,Male,66,Mazda,Director of Sales,Horror
Tiebout,Winsiowiecki,twinsiowieckiam@meetup.com,Male,57,Renault,Speech Pathologist,Thriller
Clotilda,Devers,cdeversan@google.es,Female,20,Renault,Graphic Designer,Thriller
Danyette,Torns,dtornsao@boston.com,Female,65,Renault,Nurse Practicioner,Thriller
Briny,Bannister,bbannisterap@vinaora.com,Female,31,Renault,Food Chemist,Thriller
Haily,Lohan,hlohanaq@vimeo.com,Male,32,Renault,Speech Pathologist,Action
Brian,Joysey,bjoyseyar@indiegogo.com,Male,23,Opel,Business Systems Development Analyst,Drama
Roderich,Grigorini,rgrigorinias@123-reg.co.uk,Male,39,Renault,Staff Scientist,Horror
Joleen,Hakes,jhakesat@storify.com,Female,21,Mazda,Environmental Tech,Thriller
Edik,Ellul,eellulau@ameblo.jp,Male,65,Mazda,Budget/Accounting Analyst III,Thriller
Neville,Hans,nhansav@theguardian.com,Male,69,Mazda,VP Quality Control,Thriller
Leontine,Shapter,lshapteraw@shutterfly.com,Female,54,Renault,Accountant II,Thriller
Raimundo,Wynn,rwynnax@vk.com,Male,61,Mazda,Structural Engineer,Drama
Dalston,Bogeys,dbogeysay@unc.edu,Male,32,Renault,VP Product Management,Drama
Hewitt,Murdy,hmurdyaz@drupal.org,Male,46,Renault,Paralegal,Thriller
Katusha,Perford,kperfordb0@yahoo.co.jp,Female,28,Renault,VP Sales,Drama
Marcellina,Fisher,mfisherb1@goo.ne.jp,Female,28,Mazda,Staff Accountant IV,Thriller
Ciro,Tallyn,ctallynb2@yahoo.com,Male,62,Opel,Accounting Assistant IV,Drama
Ernestus,Pavey,epaveyb3@bigcartel.com,Male,78,BMW,Research Associate,Thriller
Zach,Sapir,zsapirb4@engadget.com,Male,46,Opel,Account Executive,Thriller
Armando,Slipper,aslipperb5@seattletimes.com,Male,68,Ford,Social Worker,Romance
Rutger,Cossentine,rcossentineb6@kickstarter.com,Male,69,Renault,Cost Accountant,Thriller
Ruthanne,Soles,rsolesb7@etsy.com,Female,20,Mazda,Health Coach II,Drama
Ranice,Shaves,rshavesb8@paginegialle.it,Female,41,Renault,Legal Assistant,Thriller
Clarissa,Harower,charowerb9@acquirethisname.com,Female,51,Fiat,Financial Analyst,Thriller
Mariquilla,Lodden,mloddenba@eepurl.com,Female,43,Mazda,Electrical Engineer,Thriller
Aloisia,Please,apleasebb@dmoz.org,Female,71,Opel,VP Product Management,Action
Kanya,Mawhinney,kmawhinneybc@furl.net,Female,67,Opel,Budget/Accounting Analyst III,Thriller
Venita,Sankey,vsankeybd@exblog.jp,Female,80,Opel,Analog Circuit Design manager,Drama
Wilma,Farries,wfarriesbe@jugem.jp,Female,64,Opel,Paralegal,Thriller
Ardelia,Colbourne,acolbournebf@fotki.com,Female,70,Opel,Help Desk Operator,Comedy
Janet,MacGaughie,jmacgaughiebg@about.me,Female,53,Mazda,Editor,Action
Julienne,Axston,jaxstonbh@ucoz.com,Female,77,Mazda,Analyst Programmer,Thriller
Alexander,Labern,alabernbi@shareasale.com,Male,74,Fiat,Biostatistician III,Drama
Katy,Scotts,kscottsbj@tamu.edu,Female,33,Opel,Senior Developer,Thriller
Natalina,Husk,nhuskbk@jalbum.net,Female,76,Opel,Technical Writer,Comedy
Merla,Melody,mmelodybl@weibo.com,Female,24,Renault,Accounting Assistant IV,Action
Isadora,Blake,iblakebm@wikispaces.com,Female,33,Opel,General Manager,Thriller
Andrey,Restall,arestallbn@ameblo.jp,Male,46,Mazda,Software Test Engineer III,Drama
Malanie,McArtan,mmcartanbo@amazon.com,Female,30,Renault,Analyst Programmer,Drama
Julita,Rushton,jrushtonbp@si.edu,Female,55,Renault,Research Assistant III,Drama
Melita,Thurlow,mthurlowbq@house.gov,Female,60,Renault,Developer IV,Drama
Enos,Gerardet,egerardetbr@army.mil,Male,29,Mazda,Project Manager,Comedy
Erminia,Digle,ediglebs@oracle.com,Female,32,Opel,Nuclear Power Engineer,Romance
Louie,Windaybank,lwindaybankbt@ibm.com,Male,37,Opel,Database Administrator II,Thriller
Andee,Tomlett,atomlettbu@wsj.com,Female,71,Ford,Business Systems Development Analyst,Horror
Robbie,Hedingham,rhedinghambv@nbcnews.com,Male,77,Renault,Technical Writer,Thriller
Efren,Gregori,egregoribw@cpanel.net,Male,27,Renault,Research Nurse,Thriller
Quentin,Covil,qcovilbx@addthis.com,Male,50,Renault,Accountant III,Comedy
Kev,de Clerc,kdeclercby@behance.net,Male,22,Ford,Community Outreach Specialist,Thriller
Salli,Schowenburg,sschowenburgbz@google.pl,Female,44,Renault,Accountant III,Thriller
Reube,Oultram,roultramc0@bravesites.com,Male,75,Renault,Automation Specialist II,Drama
Lela,Nuttall,lnuttallc1@furl.net,Female,39,Mazda,Software Test Engineer III,Thriller
Nicki,Southby,nsouthbyc2@ameblo.jp,Female,67,Opel,Assistant Professor,Thriller
Rosco,Lingner,rlingnerc3@youtu.be,Male,22,Renault,Geological Engineer,Thriller
Dayna,Ensten,denstenc4@nytimes.com,Female,76,Renault,Project Manager,Thriller
Fanechka,Chishull,fchishullc5@google.co.uk,Female,42,Opel,Administrative Assistant I,Thriller
Burch,Winspeare,bwinspearec6@163.com,Male,46,Renault,Accounting Assistant I,Drama
Delora,Sellar,dsellarc7@smugmug.com,Female,27,Renault,Account Representative IV,Thriller
Nicolea,Sulman,nsulmanc8@vkontakte.ru,Female,44,Renault,Graphic Designer,Thriller
Suzi,Tollerton,stollertonc9@shop-pro.jp,Female,63,Mazda,Nurse,Thriller
Jenni,Bath,jbathca@posterous.com,Female,47,Opel,Software Test Engineer III,Thriller
Gwynne,Josephov,gjosephovcb@devhub.com,Female,41,Opel,Help Desk Technician,Drama
Henderson,Rayhill,hrayhillcc@youtube.com,Male,42,Ford,Graphic Designer,Drama
Teodorico,Giovanardi,tgiovanardicd@sourceforge.net,Male,61,Fiat,Sales Representative,Drama
Mattheus,Crayden,mcraydence@livejournal.com,Male,37,Mazda,Web Designer I,Romance
Lonny,Pinar,lpinarcf@time.com,Male,43,Opel,Paralegal,Thriller
Dukey,Duckham,dduckhamcg@umich.edu,Male,39,Opel,Systems Administrator IV,Horror
Bartlet,Nutley,bnutleych@java.com,Male,49,Renault,Operator,Drama
Calley,Witherington,cwitheringtonci@rakuten.co.jp,Female,26,Renault,Professor,Drama
Ced,Fackney,cfackneycj@pen.io,Male,25,Fiat,Legal Assistant,Thriller
Gussi,Skein,gskeinck@usa.gov,Female,73,Mazda,GIS Technical Architect,Drama
Israel,Fryer,ifryercl@loc.gov,Male,75,Opel,Graphic Designer,Thriller
Stanley,Avramow,savramowcm@nba.com,Male,72,Opel,Account Coordinator,Horror
Logan,Shall,lshallcn@chronoengine.com,Male,69,Opel,Actuary,Thriller
Rafael,Sheron,rsheronco@plala.or.jp,Male,26,Renault,General Manager,Thriller
Beau,Timoney,btimoneycp@skype.com,Male,61,Fiat,Assistant Media Planner,Drama
Mala,Treherne,mtrehernecq@hud.gov,Female,73,Renault,Research Associate,Comedy
Guglielmo,Jerrand,gjerrandcr@chronoengine.com,Male,45,Opel,Sales Representative,Comedy
Henderson,Lambole,hlambolecs@ted.com,Male,44,Mazda,Nurse,Thriller
Gonzalo,Calderonello,gcalderonelloct@shop-pro.jp,Male,40,Renault,Programmer II,Thriller
Anissa,Torrance,atorrancecu@howstuffworks.com,Female,34,Mazda,Quality Control Specialist,Drama
Vitia,Heamus,vheamuscv@howstuffworks.com,Female,47,Dacia,Senior Editor,Thriller
Glyn,Rudland,grudlandcw@usnews.com,Female,70,Mazda,Staff Scientist,Drama
Carny,Patillo,cpatillocx@thetimes.co.uk,Male,33,Opel,Recruiting Manager,Action
Vanessa,Oxbie,voxbiecy@is.gd,Female,75,Renault,Senior Cost Accountant,Drama
Neron,Spuner,nspunercz@weather.com,Male,76,Renault,Research Assistant III,Thriller
Web,Vasyutochkin,wvasyutochkind0@phpbb.com,Male,64,Fiat,Information Systems Manager,Drama
Nari,Sturt,nsturtd1@desdev.cn,Female,77,Opel,Research Associate,Thriller
Alexis,Blenkharn,ablenkharnd2@apple.com,Male,80,Renault,Analog Circuit Design manager,Thriller
Lynn,Montez,lmontezd3@free.fr,Female,53,Renault,Graphic Designer,Drama
Nina,Boni,nbonid4@go.com,Female,24,Renault,Quality Control Specialist,Thriller
Constantina,Hearn,chearnd5@hc360.com,Female,34,Renault,Cost Accountant,Drama
Lilly,Burgwin,lburgwind6@blogs.com,Female,47,Renault,GIS Technical Architect,Thriller
Florrie,Aird,fairdd7@last.fm,Female,61,Mazda,Project Manager,Thriller
Heloise,Lequeux,hlequeuxd8@i2i.jp,Female,34,Mazda,Human Resources Manager,Thriller
Lawrence,Dullingham,ldullinghamd9@dailymotion.com,Male,51,Opel,Mechanical Systems Engineer,Drama
Isiahi,Baseke,ibasekeda@yahoo.com,Male,38,Renault,Information Systems Manager,Drama
Andrea,Epinoy,aepinoydb@fastcompany.com,Female,21,Renault,Mechanical Systems Engineer,Thriller
Cheston,Morant,cmorantdc@sitemeter.com,Male,26,Renault,Assistant Professor,Thriller
Heinrick,Meriguet,hmeriguetdd@ftc.gov,Male,63,Opel,Database Administrator IV,Comedy
Vita,Sebyer,vsebyerde@gravatar.com,Female,80,Renault,Data Coordiator,Thriller
Morry,Gary,mgarydf@indiegogo.com,Male,33,Mazda,Analyst Programmer,Horror
Sinclair,Jandac,sjandacdg@example.com,Male,26,Renault,Marketing Assistant,Drama
Rodney,Mougin,rmougindh@elpais.com,Male,69,Opel,Civil Engineer,Thriller
Alaric,Normansell,anormanselldi@phpbb.com,Male,61,Opel,Speech Pathologist,Drama
Deni,Imm,dimmdj@rambler.ru,Female,37,Dacia,Marketing Manager,Drama
Quillan,Deport,qdeportdk@miibeian.gov.cn,Male,41,Dacia,Civil Engineer,Thriller
Morley,Evenett,mevenettdl@angelfire.com,Male,69,Renault,Professor,Comedy
Delila,Bushell,dbushelldm@blogtalkradio.com,Female,72,Renault,Safety Technician I,Comedy
Audry,Hayth,ahaythdn@apache.org,Female,22,Opel,Director of Sales,Thriller
Brandi,Dyka,bdykado@earthlink.net,Female,78,Renault,Speech Pathologist,Action
Henrieta,Ellin,hellindp@bandcamp.com,Female,63,Ford,Operator,Comedy
Ad,Ricca,ariccadq@jiathis.com,Male,21,Renault,Clinical Specialist,Romance
Fay,Barrie,fbarriedr@latimes.com,Female,71,Ford,Database Administrator II,Romance
Deb,Duckham,dduckhamds@google.es,Female,68,Renault,Software Consultant,Comedy
Gnni,Itzcovichch,gitzcovichchdt@huffingtonpost.com,Female,29,Ford,Nurse,Drama
Irena,Northall,inorthalldu@cargocollective.com,Female,78,Renault,Structural Analysis Engineer,Thriller
Harold,Martin,hmartindv@java.com,Male,29,Renault,Clinical Specialist,Thriller
Patric,Anderer,pandererdw@miitbeian.gov.cn,Male,58,Renault,Senior Cost Accountant,Thriller
Monty,MacCombe,mmaccombedx@accuweather.com,Male,38,Renault,Programmer Analyst IV,Drama
Hoyt,Fargie,hfargiedy@businesswire.com,Male,51,Opel,Design Engineer,Comedy
Carleton,Woodthorpe,cwoodthorpedz@irs.gov,Male,64,Mazda,Tax Accountant,Drama
Geordie,Petts,gpettse0@umn.edu,Male,55,Ford,Legal Assistant,Thriller
Timothea,Rycroft,trycrofte1@guardian.co.uk,Female,67,Opel,VP Quality Control,Thriller
Orran,Tait,otaite2@deliciousdays.com,Male,31,Renault,Social Worker,Thriller
Arri,Frediani,afredianie3@prlog.org,Male,73,Opel,VP Accounting,Action
Buddie,Farrand,bfarrande4@nymag.com,Male,39,Mazda,Marketing Manager,Thriller
Ulrikaumeko,Knappett,uknappette5@weebly.com,Female,29,Mazda,Software Test Engineer IV,Drama
Peta,Bonsey,pbonseye6@rediff.com,Female,38,Renault,GIS Technical Architect,Thriller
Galina,Hurles,ghurlese7@clickbank.net,Female,67,Opel,Operator,Thriller
Emlen,Krzyzowski,ekrzyzowskie8@nih.gov,Male,36,Mazda,Nuclear Power Engineer,Comedy
Merridie,Payley,mpayleye9@businessweek.com,Female,71,Renault,Operator,Romance
Torrance,Brouncker,tbrounckerea@stumbleupon.com,Male,80,Renault,Human Resources Assistant II,Drama
Reid,Asaaf,rasaafeb@nsw.gov.au,Male,74,Mazda,Chief Design Engineer,Thriller
Zita,Cullerne,zcullerneec@meetup.com,Female,39,Renault,Nurse,Drama
Eulalie,Sweett,esweetted@scientificamerican.com,Female,48,Mazda,Senior Financial Analyst,Thriller
Corbet,Ridsdell,cridsdellee@google.ru,Male,70,Opel,Information Systems Manager,Comedy
Gregor,Frame,gframeef@theatlantic.com,Male,74,Renault,Nurse Practicioner,Thriller
Deloris,Rippingall,drippingalleg@salon.com,Female,59,Opel,Mechanical Systems Engineer,Drama
Aloysius,Kuschel,akuscheleh@wordpress.org,Male,65,Mazda,Senior Quality Engineer,Thriller
Mala,Cresser,mcresserei@google.co.uk,Female,28,Renault,Graphic Designer,Drama
Merill,Cattellion,mcattellionej@nymag.com,Male,44,Renault,Community Outreach Specialist,Thriller
Maiga,Poxton,mpoxtonek@mit.edu,Female,78,Opel,Human Resources Assistant II,Thriller
Brandon,Callinan,bcallinanel@tamu.edu,Male,39,Renault,Staff Scientist,Thriller
Dom,Farryn,dfarrynem@purevolume.com,Male,80,Opel,Budget/Accounting Analyst II,Thriller
Barri,Broderick,bbrodericken@howstuffworks.com,Male,49,Mazda,Senior Sales Associate,Thriller
Hadley,Tallon,htalloneo@hexun.com,Male,64,Mazda,Senior Cost Accountant,Drama
Avril,Parlor,aparlorep@sourceforge.net,Female,50,Renault,VP Product Management,Drama
Elfrida,Klement,eklementeq@ustream.tv,Female,68,Mazda,Media Manager I,Comedy
Geoffry,McAlroy,gmcalroyer@360.cn,Male,46,Opel,VP Product Management,Thriller
Janis,Leupoldt,jleupoldtes@youtube.com,Female,72,Ford,Civil Engineer,Comedy
Lynnell,Durham,ldurhamet@psu.edu,Female,27,Renault,Cost Accountant,Thriller
Karlik,Tudbald,ktudbaldeu@businessinsider.com,Male,70,Renault,Account Executive,Drama
Maureene,Vlasenko,mvlasenkoev@dot.gov,Female,21,Renault,Sales Associate,Thriller
Sissy,Feltoe,sfeltoeew@diigo.com,Female,63,Renault,Business Systems Development Analyst,Comedy
Klaus,Tims,ktimsex@tamu.edu,Male,27,Opel,Business Systems Development Analyst,Drama
Worthy,Agg,waggey@google.com.br,Male,24,Renault,Account Representative IV,Thriller
Danielle,Sango,dsangoez@toplist.cz,Female,48,Renault,Marketing Assistant,Drama
Leena,Kilgrove,lkilgrovef0@google.ca,Female,70,Mazda,Graphic Designer,Comedy
Redd,Yurukhin,ryurukhinf1@thetimes.co.uk,Male,41,Mazda,Librarian,Thriller
Huntlee,Colborn,hcolbornf2@gnu.org,Male,39,Renault,Mechanical Systems Engineer,Drama
Maressa,Waldram,mwaldramf3@yahoo.co.jp,Female,56,Mazda,Electrical Engineer,Thriller
Blair,Stoile,bstoilef4@ihg.com,Female,51,Opel,Business Systems Development Analyst,Drama
Christean,Antrag,cantragf5@bing.com,Female,23,Renault,Developer I,Thriller
Joyous,Kubicka,jkubickaf6@people.com.cn,Female,71,Mazda,Paralegal,Horror
Jeannie,Barette,jbarettef7@youtube.com,Female,63,Renault,Nurse,Thriller
Lyndel,Brogioni,lbrogionif8@marketwatch.com,Female,22,Mazda,Senior Sales Associate,Thriller
Herb,Finlason,hfinlasonf9@deliciousdays.com,Male,74,Opel,Research Nurse,Drama
Bank,Mutimer,bmutimerfa@edublogs.org,Male,34,Mazda,Account Coordinator,Thriller
Godfree,Harriday,gharridayfb@cisco.com,Male,43,Renault,Financial Analyst,Comedy
Laura,Doherty,ldohertyfc@abc.net.au,Female,44,Renault,Nurse,Drama
Vale,Killingsworth,vkillingsworthfd@independent.co.uk,Female,46,Renault,Professor,Thriller
Myrvyn,Jeffrey,mjeffreyfe@weebly.com,Male,21,Ford,Graphic Designer,Romance
Murvyn,Hazelhurst,mhazelhurstff@gov.uk,Male,21,Mazda,Nuclear Power Engineer,Thriller
Beth,Praill,bpraillfg@loc.gov,Female,42,Renault,Food Chemist,Drama
Harlene,Martina,hmartinafh@drupal.org,Female,76,Renault,Mechanical Systems Engineer,Action
Scarlett,Bartholomew,sbartholomewfi@mtv.com,Female,38,Mazda,Database Administrator II,Action
Lyn,Heineke,lheinekefj@theguardian.com,Male,77,Mazda,Geological Engineer,Drama
Giorgi,Eck,geckfk@bbb.org,Male,39,Mazda,General Manager,Comedy
Massimiliano,Olphert,molphertfl@slideshare.net,Male,20,Opel,Geologist I,Thriller
Ryun,Behninck,rbehninckfm@answers.com,Male,32,Renault,Computer Systems Analyst I,Action
Miof mela,Capozzi,mcapozzifn@shareasale.com,Female,57,Renault,Engineer III,Thriller
Normie,O'Scully,noscullyfo@ucla.edu,Male,59,Renault,Structural Analysis Engineer,Drama
Meris,Lanfranchi,mlanfranchifp@themeforest.net,Female,48,Renault,Physical Therapy Assistant,Thriller
Ingaberg,Joska,ijoskafq@nationalgeographic.com,Female,48,Renault,Analog Circuit Design manager,Horror
Abbi,Eakley,aeakleyfr@istockphoto.com,Female,56,Renault,Research Associate,Thriller
Olag,Hackin,ohackinfs@toplist.cz,Male,24,Renault,Internal Auditor,Thriller
Mickie,Dubois,mduboisft@bbb.org,Female,44,Opel,Staff Accountant III,Thriller
Pearce,Joskovitch,pjoskovitchfu@paginegialle.it,Male,66,Ford,Actuary,Thriller
Merl,Cordelette,mcordelettefv@dyndns.org,Female,79,Renault,VP Accounting,Thriller
Etty,Tabourel,etabourelfw@rediff.com,Female,63,Renault,Quality Engineer,Drama
Minni,Tours,mtoursfx@berkeley.edu,Female,43,Mazda,Budget/Accounting Analyst IV,Thriller
Karlen,Davidov,kdavidovfy@yahoo.co.jp,Female,41,Renault,Biostatistician IV,Drama
Moira,Mulcahy,mmulcahyfz@archive.org,Female,72,Renault,Developer III,Action
Hewett,Inkles,hinklesg0@ebay.com,Male,21,Renault,Research Nurse,Drama
Rubetta,Sentinella,rsentinellag1@flickr.com,Female,43,Opel,Environmental Tech,Thriller
Abbott,Fitzmaurice,afitzmauriceg2@altervista.org,Male,52,Renault,Senior Sales Associate,Thriller
Fawnia,Blaase,fblaaseg3@qq.com,Female,47,Mazda,Legal Assistant,Thriller
Brantley,Goodluck,bgoodluckg4@indiatimes.com,Male,73,Opel,Account Executive,Thriller
Leigh,Dagwell,ldagwellg5@buzzfeed.com,Female,52,Mazda,Sales Associate,Thriller
Jone,Bootyman,jbootymang6@ask.com,Male,29,Renault,Health Coach II,Drama
Jeno,Cadwallader,jcadwalladerg7@yelp.com,Male,20,Renault,Electrical Engineer,Thriller
Hannie,Fewkes,hfewkesg8@blogspot.com,Female,51,Mazda,Occupational Therapist,Horror
Leonard,Diboll,ldibollg9@nhs.uk,Male,26,Renault,Professor,Comedy
Arman,Letessier,aletessierga@facebook.com,Male,26,Mazda,Analog Circuit Design manager,Thriller
Elmo,Siflet,esifletgb@buzzfeed.com,Male,73,Mazda,Computer Systems Analyst III,Thriller
Kristofor,Reiner,kreinergc@businessweek.com,Male,75,Renault,Senior Financial Analyst,Thriller
Laurel,Coen,lcoengd@comcast.net,Female,31,Renault,Human Resources Assistant III,Drama
Em,Hickisson,ehickissonge@ted.com,Male,31,Renault,Senior Cost Accountant,Horror
Niccolo,Lenz,nlenzgf@constantcontact.com,Male,23,Renault,VP Marketing,Comedy
Hinze,Moxham,hmoxhamgg@berkeley.edu,Male,62,Renault,Physical Therapy Assistant,Drama
Talya,Winscomb,twinscombgh@lycos.com,Female,58,Renault,Senior Developer,Drama
Hanan,Albisser,halbissergi@msn.com,Male,38,Mazda,Financial Analyst,Thriller
Barbaraanne,Nisby,bnisbygj@freewebs.com,Female,65,Opel,Nurse,Action
Merwyn,Teffrey,mteffreygk@nba.com,Male,59,Mazda,Marketing Assistant,Thriller
Steven,Stracey,sstraceygl@huffingtonpost.com,Male,72,Mazda,Paralegal,Romance
Holly-anne,Norres,hnorresgm@smugmug.com,Female,35,Renault,Research Associate,Comedy
Claresta,Summerill,csummerillgn@usa.gov,Female,37,Opel,Physical Therapy Assistant,Action
Jannelle,Zeale,jzealego@fda.gov,Female,36,Renault,Database Administrator III,Drama
Angele,Noblet,anobletgp@theglobeandmail.com,Female,24,Mazda,Senior Editor,Thriller
Avie,Wadmore,awadmoregq@usda.gov,Female,20,Mazda,Web Designer IV,Thriller
Bay,Gray,bgraygr@usgs.gov,Male,58,Renault,Data Coordiator,Drama
Harper,Gluyus,hgluyusgs@cnbc.com,Male,21,Ford,Clinical Specialist,Drama
Guthrey,Baynom,gbaynomgt@ox.ac.uk,Male,71,Renault,Human Resources Manager,Drama
Terrel,Dowsett,tdowsettgu@webs.com,Male,30,Renault,Director of Sales,Thriller
Jemimah,Wilks,jwilksgv@ow.ly,Female,40,Opel,GIS Technical Architect,Thriller
Burgess,Argont,bargontgw@hhs.gov,Male,57,Renault,Research Assistant III,Thriller
Ingeborg,Janczyk,ijanczykgx@sbwire.com,Female,70,Renault,Programmer III,Drama
Lalo,Totterdill,ltotterdillgy@cbslocal.com,Male,54,Ford,Budget/Accounting Analyst III,Horror
Garry,Martell,gmartellgz@opensource.org,Male,21,Ford,Desktop Support Technician,Action
Shea,Leon,sleonh0@zimbio.com,Male,22,Renault,Food Chemist,Comedy
Etienne,Joskovitch,ejoskovitchh1@deviantart.com,Male,64,Renault,VP Sales,Thriller
Launce,Towersey,ltowerseyh2@mlb.com,Male,25,Renault,Junior Executive,Action
Milly,Gumn,mgumnh3@usnews.com,Female,28,Dacia,Help Desk Operator,Thriller
Lorry,Deppen,ldeppenh4@jimdo.com,Male,21,Renault,Product Engineer,Drama
Breanne,Aldwick,baldwickh5@ezinearticles.com,Female,26,Opel,VP Marketing,Thriller
Blondell,Neve,bneveh6@devhub.com,Female,39,Ford,Web Developer IV,Thriller
Monte,Bissill,mbissillh7@arizona.edu,Male,20,Renault,Recruiting Manager,Drama
Maximilian,Tomovic,mtomovich8@hatena.ne.jp,Male,76,Renault,VP Marketing,Thriller
Joline,Gonthard,jgonthardh9@wikipedia.org,Female,78,Renault,Teacher,Drama
Petronia,Clethro,pclethroha@bizjournals.com,Female,42,Renault,Developer IV,Thriller
Byran,Broggelli,bbroggellihb@imageshack.us,Male,29,Opel,Executive Secretary,Drama
Edgard,Humm,ehummhc@dedecms.com,Male,73,Renault,Database Administrator I,Drama
Anson,Lepper,alepperhd@telegraph.co.uk,Male,74,Renault,Account Coordinator,Drama
Benedikta,Kornas,bkornashe@nasa.gov,Female,28,Renault,Nuclear Power Engineer,Thriller
Elle,Czaja,eczajahf@ovh.net,Female,78,Opel,Programmer Analyst III,Thriller
Juditha,Selly,jsellyhg@ameblo.jp,Female,66,Renault,Senior Quality Engineer,Thriller
Saidee,Scroggins,sscrogginshh@paypal.com,Female,28,BMW,Project Manager,Romance
Renie,Budgett,rbudgetthi@typepad.com,Female,64,Opel,Marketing Assistant,Thriller
Eduino,Kerslake,ekerslakehj@dailymail.co.uk,Male,25,Ford,Assistant Professor,Thriller
Rourke,Canning,rcanninghk@redcross.org,Male,20,Opel,Quality Engineer,Drama
Ham,Robet,hrobethl@pbs.org,Male,72,Ford,Software Consultant,Thriller
Shirleen,Mundle,smundlehm@army.mil,Female,49,Renault,Chief Design Engineer,Comedy
Alika,Micklem,amicklemhn@nsw.gov.au,Female,36,Opel,Actuary,Drama
Hazlett,Leggott,hleggottho@privacy.gov.au,Male,75,Mazda,Nuclear Power Engineer,Thriller
Jerrome,Sharpe,jsharpehp@posterous.com,Male,79,BMW,Assistant Media Planner,Comedy
Maitilde,Elesander,melesanderhq@simplemachines.org,Female,56,Opel,Sales Representative,Thriller
Cynthie,Weafer,cweaferhr@netscape.com,Female,67,Mazda,Health Coach II,Thriller
Thatcher,Swarbrigg,tswarbrigghs@facebook.com,Male,64,Renault,Accountant I,Thriller
Meridith,Zealander,mzealanderht@columbia.edu,Female,38,Mazda,Internal Auditor,Thriller
Jehanna,Causbey,jcausbeyhu@cpanel.net,Female,61,Renault,Assistant Professor,Thriller
Che,Grimsdike,cgrimsdikehv@mediafire.com,Male,47,Mazda,Mechanical Systems Engineer,Thriller
Urbano,MacAllaster,umacallasterhw@sphinn.com,Male,25,Renault,Account Coordinator,Thriller
Jimmie,Venn,jvennhx@photobucket.com,Male,76,Renault,Compensation Analyst,Drama
Garold,Blodget,gblodgethy@google.nl,Male,69,Renault,Paralegal,Action
Carroll,Tomaselli,ctomasellihz@edublogs.org,Male,24,Renault,Research Associate,Thriller
Walton,Clausson,wclaussoni0@google.cn,Male,45,BMW,Product Engineer,Thriller
Curry,Gueinn,cgueinni1@admin.ch,Male,54,Renault,Professor,Thriller
Giorgi,Grevile,ggrevilei2@sohu.com,Male,74,Renault,Nuclear Power Engineer,Thriller
Margery,Exley,mexleyi3@nba.com,Female,27,Ford,Staff Scientist,Thriller
Antonin,Hearfield,ahearfieldi4@smh.com.au,Male,41,Mazda,Senior Sales Associate,Thriller
Nikki,Skull,nskulli5@bigcartel.com,Male,22,Renault,Geological Engineer,Thriller
Lorrayne,O'Grady,logradyi6@cdc.gov,Female,48,Renault,General Manager,Thriller
Baxter,Tunnah,btunnahi7@artisteer.com,Male,78,Ford,Professor,Thriller
Ardine,Caughte,acaughtei8@ameblo.jp,Female,63,Renault,Computer Systems Analyst II,Thriller
Nessy,Webley,nwebleyi9@hp.com,Female,69,Ford,Desktop Support Technician,Drama
Jilly,McPhillimey,jmcphillimeyia@hubpages.com,Female,48,Opel,Administrative Assistant I,Drama
Washington,Fishbourne,wfishbourneib@qq.com,Male,23,Opel,VP Product Management,Romance
Gerhardt,Spears,gspearsic@delicious.com,Male,64,Renault,Office Assistant I,Drama
Mandie,Blacklidge,mblacklidgeid@usda.gov,Female,27,Renault,Web Designer I,Comedy
Belicia,Carik,bcarikie@virginia.edu,Female,23,Renault,Director of Sales,Drama
Florella,Duffin,fduffinif@unblog.fr,Female,27,Renault,Structural Engineer,Drama
Broddy,Van't Hoff,bvanthoffig@wufoo.com,Male,68,Renault,Programmer Analyst III,Drama
Ebony,Clinkard,eclinkardih@epa.gov,Female,38,Opel,Registered Nurse,Drama
Dillon,Fass,dfassii@bloglovin.com,Male,24,Ford,Senior Quality Engineer,Thriller
Rube,Dyos,rdyosij@bbb.org,Male,60,Mazda,Senior Quality Engineer,Thriller
Broderick,Packer,bpackerik@deviantart.com,Male,35,Opel,Statistician IV,Action
Hall,Amsberger,hamsbergeril@springer.com,Male,49,Mazda,Sales Associate,Comedy
Dannye,Lycett,dlycettim@loc.gov,Female,26,Fiat,Technical Writer,Thriller
Ferd,McDermott,fmcdermottin@naver.com,Male,50,Opel,Media Manager IV,Drama
Konstance,Izzard,kizzardio@squidoo.com,Female,80,Renault,Community Outreach Specialist,Thriller
Kassey,Garriock,kgarriockip@fotki.com,Female,43,Renault,Administrative Assistant III,Drama
Ingra,Mowsdale,imowsdaleiq@amazon.de,Male,40,Renault,Environmental Tech,Thriller
Rabi,Keeble,rkeebleir@hexun.com,Male,44,Renault,Nurse Practicioner,Drama
Ali,Manston,amanstonis@examiner.com,Female,64,Renault,Human Resources Assistant I,Drama
Franz,Velten,fveltenit@comsenz.com,Male,51,Renault,Developer IV,Thriller
Eydie,Spohr,espohriu@mashable.com,Female,79,Opel,Civil Engineer,Drama
Sullivan,Clinnick,sclinnickiv@webmd.com,Male,75,Renault,VP Quality Control,Drama
Ethyl,Slarke,eslarkeiw@dailymotion.com,Female,63,Renault,Nuclear Power Engineer,Drama
Svend,Grancher,sgrancherix@addthis.com,Male,20,Opel,Paralegal,Romance
Nolie,Vernazza,nvernazzaiy@ebay.com,Female,49,Opel,Senior Financial Analyst,Thriller
Sol,Tonepohl,stonepohliz@hao123.com,Male,21,Mazda,Structural Engineer,Horror
Crin,Shawe,cshawej0@deliciousdays.com,Female,70,Mazda,VP Sales,Thriller
Farlee,Treharne,ftreharnej1@t.co,Male,62,Renault,Information Systems Manager,Drama
Rochelle,Terrans,rterransj2@gravatar.com,Female,57,Ford,Quality Control Specialist,Thriller
Jane,Gutridge,jgutridgej3@illinois.edu,Female,57,Renault,Graphic Designer,Thriller
Durante,Colliford,dcollifordj4@wufoo.com,Male,47,Opel,Staff Accountant III,Comedy
Nara,Treweke,ntrewekej5@cnn.com,Female,52,Dacia,Dental Hygienist,Thriller
Kassi,Copnell,kcopnellj6@blogger.com,Female,20,Mazda,Product Engineer,Thriller
Beauregard,Pinching,bpinchingj7@ox.ac.uk,Male,57,Opel,General Manager,Thriller
Nettle,Fynan,nfynanj8@hhs.gov,Female,46,Opel,Web Designer II,Thriller
Nadean,Barringer,nbarringerj9@virginia.edu,Female,36,Renault,Food Chemist,Comedy
Derick,Mattiuzzi,dmattiuzzija@jugem.jp,Male,41,Mazda,Structural Engineer,Thriller
Gard,Goodbody,ggoodbodyjb@weebly.com,Male,41,Renault,Software Test Engineer III,Drama
Lilyan,Ciani,lcianijc@usa.gov,Female,44,Opel,Sales Representative,Drama
Giraldo,Trusty,gtrustyjd@howstuffworks.com,Male,52,Mazda,VP Quality Control,Thriller
Bathsheba,Westcott,bwestcottje@upenn.edu,Female,64,Opel,Senior Quality Engineer,Horror
Harman,Littlecote,hlittlecotejf@howstuffworks.com,Male,58,Mazda,Systems Administrator I,Action
Lucilia,Willas,lwillasjg@earthlink.net,Female,26,Renault,Junior Executive,Drama
Gael,Rodden,groddenjh@creativecommons.org,Male,57,Opel,Payment Adjustment Coordinator,Thriller
Nevil,Gilfillan,ngilfillanji@va.gov,Male,75,Renault,Staff Accountant IV,Thriller
Eolanda,Foucard,efoucardjj@paginegialle.it,Female,28,Renault,Quality Control Specialist,Thriller
Faydra,Rodda,froddajk@paginegialle.it,Female,76,Renault,Cost Accountant,Romance
Abe,Schollar,aschollarjl@microsoft.com,Male,74,Mazda,Civil Engineer,Thriller
Lyn,Roz,lrozjm@nps.gov,Female,38,Mazda,Actuary,Thriller
Bill,Orman,bormanjn@webeden.co.uk,Male,68,Renault,Health Coach II,Drama
Prudy,Wilshire,pwilshirejo@odnoklassniki.ru,Female,40,Opel,Cost Accountant,Comedy
Dorey,Boxer,dboxerjp@huffingtonpost.com,Male,56,Renault,Research Assistant III,Thriller
Margery,Tomisch,mtomischjq@prnewswire.com,Female,41,Renault,Account Representative II,Drama
Courtenay,Waby,cwabyjr@mapquest.com,Female,27,Opel,Design Engineer,Thriller
Nickolas,Sharple,nsharplejs@stumbleupon.com,Male,47,Renault,Structural Analysis Engineer,Thriller
Marlee,Drew,mdrewjt@i2i.jp,Female,70,Renault,Nurse Practicioner,Thriller
Alvin,Smout,asmoutju@people.com.cn,Male,70,Opel,Director of Sales,Horror
Lothaire,Walsom,lwalsomjv@prlog.org,Male,41,Opel,Programmer I,Thriller
Findlay,Blaxter,fblaxterjw@lycos.com,Male,60,Renault,Programmer Analyst I,Drama
Jessika,Hearty,jheartyjx@washingtonpost.com,Female,22,Opel,Account Executive,Thriller
Homerus,Lavell,hlavelljy@addtoany.com,Male,53,Renault,Electrical Engineer,Thriller
Keane,Pedro,kpedrojz@oracle.com,Male,23,Opel,Tax Accountant,Thriller
Courtney,Gwillim,cgwillimk0@geocities.com,Male,65,Ford,Assistant Professor,Thriller
Martie,Rasp,mraspk1@shareasale.com,Male,80,Ford,Professor,Comedy
Maressa,Cristou,mcristouk2@utexas.edu,Female,40,Mazda,Staff Scientist,Drama
Joly,Halfacree,jhalfacreek3@woothemes.com,Female,39,Ford,Senior Sales Associate,Drama
Frasco,Henstridge,fhenstridgek4@aboutads.info,Male,21,Renault,Media Manager I,Thriller
Dietrich,Benbough,dbenboughk5@ning.com,Male,67,Ford,Chemical Engineer,Drama
Cody,Licquorish,clicquorishk6@123-reg.co.uk,Female,61,BMW,Budget/Accounting Analyst II,Thriller
Candis,Osmar,cosmark7@purevolume.com,Female,36,Renault,Senior Financial Analyst,Thriller
Rabbi,Simonsson,rsimonssonk8@addthis.com,Male,54,Mazda,Statistician II,Comedy
Dorette,Hebson,dhebsonk9@oaic.gov.au,Female,60,Opel,Accounting Assistant IV,Drama
Asher,Apted,aaptedka@shutterfly.com,Male,23,Ford,Geologist II,Thriller
Francyne,Shower,fshowerkb@nsw.gov.au,Female,27,Opel,Internal Auditor,Thriller
Prue,Dangerfield,pdangerfieldkc@nasa.gov,Female,57,Mazda,Associate Professor,Comedy
Delmor,Coombe,dcoombekd@cdbaby.com,Male,70,Fiat,Web Designer III,Comedy
Falkner,Blasio,fblasioke@intel.com,Male,58,Renault,Nurse,Drama
Adan,Treffry,atreffrykf@state.tx.us,Female,49,Renault,Sales Associate,Horror
Lenka,Belf,lbelfkg@cargocollective.com,Female,40,Opel,Accounting Assistant III,Drama
Parry,Halshaw,phalshawkh@berkeley.edu,Male,77,Mazda,Recruiting Manager,Thriller
Lonnie,Ickeringill,lickeringillki@ebay.co.uk,Female,67,Opel,Graphic Designer,Thriller
Brocky,Bahike,bbahikekj@flavors.me,Male,56,Ford,Librarian,Thriller
Devi,Ivanikov,divanikovkk@theguardian.com,Female,65,Opel,Safety Technician II,Thriller
Had,Slide,hslidekl@youku.com,Male,29,Ford,Civil Engineer,Thriller
Richie,Goater,rgoaterkm@hhs.gov,Male,80,Renault,Research Associate,Drama
Latrina,Rupert,lrupertkn@webnode.com,Female,44,Opel,Assistant Professor,Thriller
Barb,Paladino,bpaladinoko@chicagotribune.com,Female,20,Renault,Dental Hygienist,Comedy
Ludwig,Highway,lhighwaykp@indiatimes.com,Male,70,Renault,Business Systems Development Analyst,Thriller
Pail,Trapp,ptrappkq@icio.us,Male,61,Mazda,Registered Nurse,Thriller
Daryle,Morcombe,dmorcombekr@dot.gov,Male,25,Mazda,Assistant Media Planner,Thriller
Dolley,Sparry,dsparryks@who.int,Female,80,Mazda,Staff Accountant I,Drama
Madelle,Weymont,mweymontkt@ifeng.com,Female,43,Mazda,Media Manager III,Drama
Bern,Adderley,badderleyku@wp.com,Male,75,Opel,Systems Administrator III,Thriller
Leonardo,Myhan,lmyhankv@nature.com,Male,54,Opel,Project Manager,Thriller
Cassaundra,Sandwith,csandwithkw@mayoclinic.com,Female,78,Renault,Geological Engineer,Thriller
Yule,Geockle,ygeocklekx@pbs.org,Male,40,Mazda,Help Desk Technician,Drama
Nollie,Cudbertson,ncudbertsonky@myspace.com,Male,59,Renault,Junior Executive,Horror
Michaela,Chidgey,mchidgeykz@163.com,Female,54,Mazda,Data Coordiator,Thriller
Quintus,Lockart,qlockartl0@dot.gov,Male,37,Opel,Accountant I,Thriller
Freedman,Deftie,fdeftiel1@java.com,Male,43,Renault,Geological Engineer,Drama
Laurie,Weiser,lweiserl2@ihg.com,Female,56,Mazda,Software Consultant,Action
Shawn,Oram,soraml3@mtv.com,Male,60,Mazda,Food Chemist,Comedy
Jeanelle,McKinty,jmckintyl4@themeforest.net,Female,24,Renault,Web Developer III,Thriller
Page,Forton,pfortonl5@soundcloud.com,Male,66,Renault,Operator,Comedy
Tirrell,Dell Casa,tdellcasal6@w3.org,Male,25,Renault,Accountant I,Thriller
Finlay,Hadcroft,fhadcroftl7@istockphoto.com,Male,79,Opel,Media Manager I,Thriller
Anthony,Reyburn,areyburnl8@gravatar.com,Male,55,Mazda,Recruiting Manager,Horror
Star,Harriott,sharriottl9@mediafire.com,Female,67,Opel,Structural Analysis Engineer,Thriller
Aylmer,Orneles,aornelesla@army.mil,Male,77,Renault,GIS Technical Architect,Drama
Bell,Liddiatt,bliddiattlb@princeton.edu,Female,52,Renault,Analyst Programmer,Comedy
Quentin,Mariolle,qmariollelc@jimdo.com,Female,52,Renault,Human Resources Manager,Drama
Howie,Cobelli,hcobellild@reuters.com,Male,60,Renault,Pharmacist,Comedy
Tiffani,Cluelow,tcluelowle@istockphoto.com,Female,26,Opel,Speech Pathologist,Horror
Konstantine,Dearlove,kdearlovelf@cbc.ca,Male,59,Ford,Senior Financial Analyst,Drama
Vickie,Zealy,vzealylg@adobe.com,Female,60,Dacia,Geologist IV,Drama
Jonah,O'Gorman,jogormanlh@dagondesign.com,Male,60,Ford,Business Systems Development Analyst,Thriller
Flore,Antoniak,fantoniakli@google.com.au,Female,39,Renault,Research Associate,Thriller
Anett,Netherclift,anethercliftlj@mapquest.com,Female,77,Renault,Administrative Assistant II,Comedy
Morganica,Baguley,mbaguleylk@chron.com,Female,46,Renault,Quality Engineer,Thriller
Matelda,Sandon,msandonll@discovery.com,Female,76,Renault,Help Desk Operator,Thriller
Del,Dawks,ddawkslm@godaddy.com,Female,67,Renault,Media Manager III,Thriller
Lisetta,Shales,lshalesln@behance.net,Female,32,Fiat,Help Desk Operator,Comedy
Eustace,Mc Combe,emccombelo@cbslocal.com,Male,33,Mazda,Teacher,Drama
Wenonah,Foggarty,wfoggartylp@ifeng.com,Female,50,Opel,VP Marketing,Drama
Ulises,Leckey,uleckeylq@360.cn,Male,34,Ford,Desktop Support Technician,Drama
Rachele,Levi,rlevilr@vinaora.com,Female,28,Opel,Physical Therapy Assistant,Drama
Katerine,Earry,kearryls@yahoo.com,Female,24,Renault,Developer IV,Thriller
Mord,Abramowitz,mabramowitzlt@simplemachines.org,Male,51,Opel,Web Developer IV,Thriller
Gene,McCreagh,gmccreaghlu@nymag.com,Female,31,Renault,Budget/Accounting Analyst III,Romance
Teresa,Goghin,tgoghinlv@icio.us,Female,22,Renault,General Manager,Drama
Jana,Chupin,jchupinlw@google.nl,Female,77,Renault,Help Desk Operator,Thriller
Winne,Beere,wbeerelx@hugedomains.com,Female,57,Mazda,Marketing Assistant,Thriller
Obed,Tatteshall,otatteshallly@yandex.ru,Male,73,Mazda,Accountant III,Drama
Chrissie,Jewis,cjewislz@cbslocal.com,Male,45,Renault,Speech Pathologist,Thriller
Robers,Gleder,rglederm0@com.com,Male,76,Ford,Data Coordiator,Drama
Henry,Stuer,hstuerm1@rambler.ru,Male,34,BMW,Statistician I,Comedy
Vitoria,Drakeley,vdrakeleym2@creativecommons.org,Female,29,Opel,Analyst Programmer,Thriller
Edmon,Cod,ecodm3@sohu.com,Male,78,Renault,Marketing Manager,Thriller
Carlyle,Goggin,cgogginm4@surveymonkey.com,Male,40,Renault,Sales Associate,Thriller
Arnold,Ronisch,aronischm5@vinaora.com,Male,30,Renault,Senior Quality Engineer,Drama
Malena,Brocklehurst,mbrocklehurstm6@go.com,Female,24,Renault,Assistant Manager,Drama
Kalvin,Kinver,kkinverm7@army.mil,Male,22,Dacia,Analyst Programmer,Thriller
Erminie,Andrioni,eandrionim8@yahoo.co.jp,Female,42,Renault,Structural Analysis Engineer,Comedy
Josselyn,Shildrake,jshildrakem9@example.com,Female,65,Renault,Nurse Practicioner,Thriller
Quentin,Litster,qlitsterma@sciencedaily.com,Female,21,Renault,Senior Sales Associate,Thriller
Jennette,Wandless,jwandlessmb@oakley.com,Female,78,Opel,Account Executive,Thriller
Hardy,Antat,hantatmc@about.com,Male,21,Renault,Structural Analysis Engineer,Thriller
Maiga,Daughtrey,mdaughtreymd@canalblog.com,Female,51,Renault,Business Systems Development Analyst,Thriller
Irwinn,Cuthbert,icuthbertme@imdb.com,Male,74,Renault,Speech Pathologist,Thriller
Alasdair,Yard,ayardmf@gov.uk,Male,32,Renault,Sales Representative,Comedy
Wanda,Gendrich,wgendrichmg@tamu.edu,Female,51,Renault,Human Resources Assistant IV,Romance
Cara,Heard,cheardmh@cnbc.com,Female,65,Renault,Research Assistant I,Thriller
Pansy,Fairweather,pfairweathermi@eepurl.com,Female,57,Fiat,Professor,Drama
Maybelle,Annion,mannionmj@tripod.com,Female,65,Renault,Assistant Manager,Thriller
Carlina,Burtwistle,cburtwistlemk@weather.com,Female,71,Ford,Director of Sales,Drama
Hannie,Kail,hkailml@symantec.com,Female,43,Renault,Environmental Specialist,Thriller
Mart,McIlriach,mmcilriachmm@msu.edu,Male,75,Renault,Sales Associate,Action
Waldemar,O'Rourke,worourkemn@jimdo.com,Male,30,Renault,Biostatistician III,Comedy
Claretta,Feehely,cfeehelymo@symantec.com,Female,20,Mazda,VP Sales,Comedy
Rochette,Kiddy,rkiddymp@drupal.org,Female,33,Renault,Dental Hygienist,Drama
Thorsten,Redrup,tredrupmq@creativecommons.org,Male,61,Renault,Actuary,Drama
Babbette,Ciani,bcianimr@cargocollective.com,Female,75,Renault,Senior Quality Engineer,Drama
Carlin,Draude,cdraudems@sitemeter.com,Female,26,Renault,Financial Advisor,Thriller
Mikaela,Sullivan,msullivanmt@seesaa.net,Female,25,Opel,Nurse,Thriller
Lyndell,Portchmouth,lportchmouthmu@sun.com,Female,29,Opel,Research Assistant II,Thriller
Charlot,Gason,cgasonmv@imageshack.us,Female,41,Opel,Developer II,Thriller
Dory,Ruecastle,druecastlemw@cbc.ca,Female,42,Renault,Account Representative IV,Thriller
Gerrie,Barrett,gbarrettmx@admin.ch,Female,39,Fiat,Structural Engineer,Thriller
Pepe,Pitcaithley,ppitcaithleymy@meetup.com,Male,76,Renault,Accountant IV,Horror
Margo,Fidler,mfidlermz@newsvine.com,Female,78,Renault,Help Desk Operator,Action
Cheslie,Dorricott,cdorricottn0@usatoday.com,Female,53,Opel,Senior Developer,Drama
Filippo,Bleiman,fbleimann1@shutterfly.com,Male,62,Opel,Statistician I,Thriller
Bastian,Philipp,bphilippn2@vistaprint.com,Male,58,Fiat,Electrical Engineer,Thriller
Myra,Helgass,mhelgassn3@webs.com,Female,48,Mazda,Analyst Programmer,Drama
Delaney,Izzard,dizzardn4@whitehouse.gov,Male,79,Renault,Internal Auditor,Drama
Sherrie,Olpin,solpinn5@ted.com,Female,63,Renault,Speech Pathologist,Thriller
Bentlee,Dobeson,bdobesonn6@quantcast.com,Male,34,Renault,VP Accounting,Thriller
Anne-marie,Oxford,aoxfordn7@tripadvisor.com,Female,78,Renault,Environmental Tech,Thriller
Akim,Muehler,amuehlern8@domainmarket.com,Male,50,Dacia,Programmer Analyst I,Romance
Currey,Pauler,cpaulern9@europa.eu,Male,42,Renault,Administrative Officer,Drama
Almeta,Danford,adanfordna@vk.com,Female,57,Ford,Community Outreach Specialist,Drama
Mathias,Nockles,mnocklesnb@com.com,Male,80,Renault,Statistician II,Drama
Mab,MacClay,mmacclaync@com.com,Female,74,Opel,Statistician I,Romance
Loralyn,Minney,lminneynd@wunderground.com,Female,31,Renault,Clinical Specialist,Thriller
Merwyn,Biaggiotti,mbiaggiottine@biglobe.ne.jp,Male,53,Opel,Registered Nurse,Horror
Von,McGragh,vmcgraghnf@weebly.com,Male,62,Ford,Marketing Manager,Thriller
Alyss,Proswell,aproswellng@adobe.com,Female,28,Renault,Biostatistician II,Thriller
Reggi,Von Helmholtz,rvonhelmholtznh@people.com.cn,Female,60,Opel,VP Marketing,Romance
Spense,Neiland,sneilandni@netvibes.com,Male,26,Ford,VP Accounting,Action
Merla,Ferminger,mfermingernj@chicagotribune.com,Female,68,Renault,Accounting Assistant III,Thriller
Siusan,Ackroyd,sackroydnk@privacy.gov.au,Female,45,Mazda,Media Manager II,Thriller
Virgil,Sarath,vsarathnl@hud.gov,Male,80,BMW,Software Consultant,Thriller
Cecilio,MacKinnon,cmackinnonnm@salon.com,Male,24,Renault,Account Representative IV,Horror
Gearard,Ollcott,gollcottnn@hexun.com,Male,69,Renault,Technical Writer,Thriller
Titos,Hurcombe,thurcombeno@state.tx.us,Male,30,Renault,Social Worker,Thriller
Nevile,Garrit,ngarritnp@amazon.co.uk,Male,62,Renault,Staff Scientist,Drama
Laurie,Eversfield,leversfieldnq@wikispaces.com,Male,62,Mazda,VP Marketing,Action
Cosmo,Locket,clocketnr@ezinearticles.com,Male,28,Opel,Food Chemist,Drama
Sumner,Van't Hoff,svanthoffns@printfriendly.com,Male,57,Opel,Staff Accountant III,Horror
Reginauld,Fitzhenry,rfitzhenrynt@google.com.au,Male,40,Mazda,Human Resources Manager,Thriller
Leigha,Venton,lventonnu@sohu.com,Female,73,Renault,Technical Writer,Thriller
Annice,Palk,apalknv@slideshare.net,Female,74,Opel,Account Coordinator,Horror
Vanda,Simenel,vsimenelnw@biblegateway.com,Female,24,Renault,Editor,Comedy
Edward,Yakobowitz,eyakobowitznx@japanpost.jp,Male,56,Mazda,Clinical Specialist,Thriller
Willdon,Truluck,wtruluckny@java.com,Male,62,Renault,Software Consultant,Thriller
Everard,Buscombe,ebuscombenz@cdbaby.com,Male,71,Mazda,Assistant Media Planner,Thriller
Tull,Morde,tmordeo0@dagondesign.com,Male,23,Renault,Structural Analysis Engineer,Drama
Dore,Filintsev,dfilintsevo1@hud.gov,Male,36,Opel,Junior Executive,Drama
Imelda,Gollop,igollopo2@imageshack.us,Female,74,Opel,Analog Circuit Design manager,Thriller
Dolorita,Janecek,djaneceko3@ucoz.com,Female,44,Mazda,Community Outreach Specialist,Comedy
Adelaida,Fortie,afortieo4@guardian.co.uk,Female,78,Mazda,Database Administrator III,Action
Raeann,Nolda,rnoldao5@apache.org,Female,74,Ford,Nurse,Thriller
Trescha,Minards,tminardso6@freewebs.com,Female,78,Opel,Business Systems Development Analyst,Thriller
Fitzgerald,Forcer,fforcero7@gov.uk,Male,42,Opel,Business Systems Development Analyst,Drama
Franchot,Haill,fhaillo8@pagesperso-orange.fr,Male,49,Opel,Social Worker,Horror
Lovell,Seifenmacher,lseifenmachero9@sbwire.com,Male,45,Opel,Automation Specialist I,Drama
Tobye,Gately,tgatelyoa@narod.ru,Female,72,Renault,Geologist I,Drama
Felike,Leguey,flegueyob@icio.us,Male,62,Mazda,Geological Engineer,Thriller
Jordan,Lacroutz,jlacroutzoc@constantcontact.com,Male,56,Renault,Programmer IV,Drama
Gerri,Welfare,gwelfareod@tmall.com,Female,23,Opel,Budget/Accounting Analyst III,Thriller
Nada,Dennett,ndennettoe@yellowbook.com,Female,42,Fiat,Marketing Assistant,Comedy
Jacquelyn,Kendrick,jkendrickof@weebly.com,Female,55,Renault,Mechanical Systems Engineer,Romance
Leta,Chesshyre,lchesshyreog@upenn.edu,Female,47,Renault,Accounting Assistant IV,Drama
Maisie,Crunkhorn,mcrunkhornoh@usgs.gov,Female,54,Opel,Biostatistician III,Thriller
Balduin,Probbing,bprobbingoi@altervista.org,Male,27,Renault,Editor,Comedy
Gwen,Terram,gterramoj@youtu.be,Female,41,Renault,Account Coordinator,Horror
Trever,Yeats,tyeatsok@ebay.com,Male,23,Renault,Account Representative III,Thriller
Gaven,Cater,gcaterol@bravesites.com,Male,76,Renault,Senior Sales Associate,Thriller
Elfrieda,Boxer,eboxerom@a8.net,Female,75,Opel,Quality Control Specialist,Thriller
Mayor,Bickerdicke,mbickerdickeon@columbia.edu,Male,54,Mazda,Developer IV,Thriller
Burr,Manna,bmannaoo@amazon.com,Male,44,Renault,Research Assistant I,Thriller
Clevie,Ruilton,cruiltonop@weebly.com,Male,55,Opel,Cost Accountant,Comedy
Steffane,Fidele,sfideleoq@weebly.com,Female,37,Renault,Project Manager,Horror
Bernie,Verrechia,bverrechiaor@dedecms.com,Male,77,Ford,Community Outreach Specialist,Drama
Fina,Reinhart,freinhartos@illinois.edu,Female,31,Mazda,Registered Nurse,Thriller
Vachel,Adin,vadinot@sourceforge.net,Male,37,Renault,Administrative Assistant III,Drama
Patrice,Grevatt,pgrevattou@craigslist.org,Female,40,Renault,Operator,Thriller
Jobyna,Tamblyn,jtamblynov@cdbaby.com,Female,27,Renault,Budget/Accounting Analyst IV,Thriller
Cliff,Tungate,ctungateow@odnoklassniki.ru,Male,61,Mazda,Accounting Assistant III,Action
Jacquelin,Flye,jflyeox@sbwire.com,Female,74,Renault,Human Resources Assistant III,Thriller
Simeon,Levay,slevayoy@hibu.com,Male,63,Opel,Senior Sales Associate,Drama
Pedro,Brunesco,pbrunescooz@tripod.com,Male,71,Renault,Research Nurse,Thriller
Gelya,Parzizek,gparzizekp0@techcrunch.com,Female,35,Ford,Senior Quality Engineer,Thriller
Maxy,Lago,mlagop1@who.int,Female,20,Opel,Occupational Therapist,Drama
Ertha,Duval,eduvalp2@washington.edu,Female,50,Renault,Assistant Manager,Thriller
Conchita,Chaikovski,cchaikovskip3@about.com,Female,49,Renault,Director of Sales,Thriller
Harley,Rickeard,hrickeardp4@edublogs.org,Female,31,Ford,Software Test Engineer IV,Thriller
Alyda,Zeplin,azeplinp5@virginia.edu,Female,43,Renault,Software Engineer III,Drama
Thedric,Stevens,tstevensp6@php.net,Male,53,Opel,Sales Representative,Comedy
Read,Woakes,rwoakesp7@adobe.com,Male,60,Mazda,Media Manager II,Thriller
Alexandro,Abbis,aabbisp8@auda.org.au,Male,33,Opel,Senior Financial Analyst,Thriller
Erma,Chatwood,echatwoodp9@wordpress.org,Female,46,Renault,Assistant Media Planner,Thriller
Morry,Shear,mshearpa@shop-pro.jp,Male,52,Renault,Data Coordiator,Comedy
Normy,Di Bernardo,ndibernardopb@blogtalkradio.com,Male,77,Ford,Help Desk Technician,Thriller
Andre,Hellin,ahellinpc@bloglines.com,Male,20,Mazda,Dental Hygienist,Drama
Briana,Rilston,brilstonpd@auda.org.au,Female,33,Renault,Senior Developer,Thriller
Lauryn,Karpe,lkarpepe@mozilla.org,Female,78,Renault,Programmer Analyst III,Thriller
Kendell,Huitson,khuitsonpf@drupal.org,Male,37,Renault,Operator,Thriller
Adelheid,Leasor,aleasorpg@fda.gov,Female,52,Opel,Occupational Therapist,Comedy
Shelby,Mangion,smangionph@tinypic.com,Male,40,Renault,VP Sales,Thriller
Hagan,Bradberry,hbradberrypi@scientificamerican.com,Male,32,Mazda,Senior Cost Accountant,Horror
Chico,Tatersale,ctatersalepj@friendfeed.com,Male,22,Renault,Software Consultant,Thriller
Eddy,Swarbrigg,eswarbriggpk@google.com,Female,23,Renault,Design Engineer,Thriller
Laurice,Bilsland,lbilslandpl@ezinearticles.com,Female,21,Renault,Administrative Officer,Thriller
Stevie,Fredi,sfredipm@unblog.fr,Male,80,Renault,Chemical Engineer,Thriller
Tracey,Goldman,tgoldmanpn@wunderground.com,Male,44,Renault,Sales Representative,Drama
Ruben,Lawlie,rlawliepo@icio.us,Male,52,Opel,Account Representative I,Thriller
Ivan,Ben,ibenpp@e-recht24.de,Male,27,Fiat,Database Administrator I,Drama
Emmett,Seaking,eseakingpq@constantcontact.com,Male,77,Opel,Research Assistant IV,Thriller
Antonie,Meneely,ameneelypr@feedburner.com,Female,73,Mazda,General Manager,Thriller
Deana,Chaikovski,dchaikovskips@pagesperso-orange.fr,Female,34,Renault,Professor,Thriller
Gabriel,Legrice,glegricept@scientificamerican.com,Female,80,Mazda,Help Desk Technician,Drama
Lyman,Vooght,lvooghtpu@themeforest.net,Male,44,Renault,Junior Executive,Thriller
Vanda,McIlwrath,vmcilwrathpv@harvard.edu,Female,33,Dacia,Tax Accountant,Thriller
Thorsten,Ailmer,tailmerpw@japanpost.jp,Male,25,Opel,Graphic Designer,Drama
Alasteir,Solomonides,asolomonidespx@archive.org,Male,65,Ford,Human Resources Assistant III,Thriller
Anatol,Lintott,alintottpy@hubpages.com,Male,53,Dacia,Teacher,Thriller
Margy,Charpin,mcharpinpz@imageshack.us,Female,48,Renault,Account Executive,Thriller
Kania,Harteley,kharteleyq0@timesonline.co.uk,Female,37,Opel,Junior Executive,Thriller
Audy,Sedwick,asedwickq1@wix.com,Female,37,Renault,Structural Analysis Engineer,Thriller
Arron,Mardy,amardyq2@moonfruit.com,Male,72,Renault,Community Outreach Specialist,Romance
Pyotr,Kermit,pkermitq3@theglobeandmail.com,Male,79,Renault,Computer Systems Analyst III,Thriller
Mal,Feldstern,mfeldsternq4@qq.com,Male,36,Renault,GIS Technical Architect,Drama
Lucian,Spurling,lspurlingq5@umich.edu,Male,63,BMW,Editor,Thriller
Nerty,Halvorsen,nhalvorsenq6@dagondesign.com,Female,61,Mazda,VP Marketing,Action
Edithe,Naisbit,enaisbitq7@cisco.com,Female,46,Renault,Mechanical Systems Engineer,Drama
Rosmunda,Chorlton,rchorltonq8@goo.gl,Female,44,Renault,Safety Technician III,Thriller
Harp,Johanchon,hjohanchonq9@addthis.com,Male,80,Renault,Office Assistant IV,Horror
Maxy,Kirrens,mkirrensqa@sciencedirect.com,Female,65,Opel,Senior Financial Analyst,Horror
Gregoire,Southcott,gsouthcottqb@amazon.com,Male,30,Opel,Financial Analyst,Thriller
Norbie,Coutts,ncouttsqc@usatoday.com,Male,64,Renault,Geologist IV,Thriller
Joellyn,Munkley,jmunkleyqd@arizona.edu,Female,30,Ford,Assistant Media Planner,Drama
Miner,de Nore,mdenoreqe@nsw.gov.au,Male,45,Renault,Speech Pathologist,Thriller
Case,Bogey,cbogeyqf@blog.com,Male,79,Renault,Payment Adjustment Coordinator,Drama
Mel,Simmers,msimmersqg@wikipedia.org,Female,34,Renault,Computer Systems Analyst IV,Thriller
Berrie,Le Monnier,blemonnierqh@mozilla.com,Female,49,Renault,Environmental Specialist,Thriller
Tailor,Flintiff,tflintiffqi@nydailynews.com,Male,22,Renault,Account Executive,Drama
Onida,Killelea,okilleleaqj@jiathis.com,Female,32,Renault,Junior Executive,Drama
Dirk,Braga,dbragaqk@usda.gov,Male,59,Renault,Web Developer II,Drama
Archambault,McHaffy,amchaffyql@indiatimes.com,Male,36,Ford,Quality Engineer,Thriller
Darryl,Hynde,dhyndeqm@netvibes.com,Female,55,Opel,Electrical Engineer,Romance
Vincenz,Stoney,vstoneyqn@apache.org,Male,80,Dacia,Cost Accountant,Drama
Jammal,Housecraft,jhousecraftqo@tuttocitta.it,Male,25,Opel,VP Accounting,Drama
Shirley,Cutler,scutlerqp@ameblo.jp,Female,63,Renault,Senior Developer,Comedy
Dukey,Ottawell,dottawellqq@eepurl.com,Male,41,Renault,Administrative Officer,Thriller
Bordie,Siseland,bsiselandqr@de.vu,Male,72,Renault,General Manager,Comedy
Weber,Robroe,wrobroeqs@4shared.com,Male,80,Renault,Assistant Manager,Thriller
Livia,Spillane,lspillaneqt@kickstarter.com,Female,37,Opel,Budget/Accounting Analyst III,Thriller
Demetria,Runnalls,drunnallsqu@yandex.ru,Female,66,Opel,VP Product Management,Thriller
Luke,Bracegirdle,lbracegirdleqv@unc.edu,Male,29,Renault,Community Outreach Specialist,Comedy
Hadrian,Trillow,htrillowqw@fda.gov,Male,65,Renault,Database Administrator IV,Thriller
Jeanie,Kynforth,jkynforthqx@cbsnews.com,Female,79,Renault,Research Assistant IV,Thriller
Reidar,Royl,rroylqy@tinyurl.com,Male,70,Mazda,Research Assistant III,Thriller
Sanders,Walczynski,swalczynskiqz@dyndns.org,Male,32,Opel,Human Resources Manager,Drama
Tawnya,Robak,trobakr0@i2i.jp,Female,74,Renault,Nurse Practicioner,Thriller
Valeria,Flude,vfluder1@si.edu,Female,69,Opel,Chemical Engineer,Drama
Ardine,M'Quharge,amquharger2@booking.com,Female,68,Mazda,Accountant I,Drama
Dolf,Nacci,dnaccir3@businessweek.com,Male,38,Opel,Tax Accountant,Thriller
Gabriellia,Augie,gaugier4@hao123.com,Female,53,Mazda,Speech Pathologist,Comedy
Micky,Mateev,mmateevr5@yellowpages.com,Female,55,Renault,Electrical Engineer,Drama
Victor,Ferrar,vferrarr6@auda.org.au,Male,74,Renault,Nuclear Power Engineer,Drama
Rolf,Blastock,rblastockr7@mozilla.com,Male,37,Renault,VP Quality Control,Drama
Hubey,Antram,hantramr8@deliciousdays.com,Male,71,Renault,Physical Therapy Assistant,Drama
Bobine,Saket,bsaketr9@webs.com,Female,32,Mazda,Dental Hygienist,Thriller
Chandra,Freeth,cfreethra@vimeo.com,Female,25,Renault,Research Nurse,Drama
Noellyn,Kiggel,nkiggelrb@ifeng.com,Female,72,Mazda,Marketing Manager,Thriller
Vergil,MacCrann,vmaccrannrc@networkadvertising.org,Male,63,Renault,Environmental Tech,Thriller
Carleton,Tampling,ctamplingrd@desdev.cn,Male,36,Renault,Registered Nurse,Comedy
Sherrie,Scholer,sscholerre@netscape.com,Female,77,Mazda,Senior Quality Engineer,Drama
Kaitlynn,Simmen,ksimmenrf@hao123.com,Female,29,Renault,Assistant Media Planner,Drama
Brandice,Mulkerrins,bmulkerrinsrg@google.com.hk,Female,49,Renault,Quality Control Specialist,Comedy
Lyon,Lewinton,llewintonrh@walmart.com,Male,72,Renault,Environmental Specialist,Drama
Crista,Minet,cminetri@ycombinator.com,Female,47,Mazda,Project Manager,Drama
Gayler,Eayrs,geayrsrj@lulu.com,Male,47,Opel,Technical Writer,Thriller
Kaitlyn,Gajownik,kgajownikrk@mail.ru,Female,40,Ford,Staff Scientist,Comedy
Mario,Mulholland,mmulhollandrl@smugmug.com,Male,71,Opel,Automation Specialist IV,Drama
Malanie,Eunson,meunsonrm@businessinsider.com,Female,38,Opel,Recruiting Manager,Drama
Heddi,Sahlstrom,hsahlstromrn@forbes.com,Female,40,Opel,Graphic Designer,Thriller
Ahmed,Jonke,ajonkero@jugem.jp,Male,20,Opel,Research Nurse,Comedy
Katti,Rampling,kramplingrp@cdc.gov,Female,37,Ford,Research Associate,Thriller
Antony,Gillian,agillianrq@squarespace.com,Male,60,Renault,Tax Accountant,Drama
Raimondo,Olney,rolneyrr@noaa.gov,Male,42,Renault,Professor,Thriller
