id,first_name,last_name,email,gender,ip_address,age,car,job,favourite_film
1,Markos,Pexton,mpexton0@taobao.com,Male,120.12.161.59,20,Opel,Programmer III,Thriller
2,Lew,Furphy,lfurphy1@php.net,Male,182.168.98.135,32,Renault,Administrative Assistant I,Thriller
3,Jackie,Fullalove,jfullalove2@google.cn,Female,3.229.177.163,80,Renault,Cost Accountant,Thriller
4,Barbra,Reboulet,breboulet3@spiegel.de,Female,86.161.255.238,27,Dacia,Software Engineer II,Comedy
5,Joleen,Showers,jshowers4@bloglines.com,Female,231.15.210.11,32,Renault,Structural Analysis Engineer,Thriller
6,Monah,Thoumasson,mthoumasson5@github.io,Female,202.233.180.94,54,Renault,Software Test Engineer I,Thriller
7,Devin,Forson,dforson6@cnet.com,Male,83.106.20.75,54,Renault,Nurse,Action
8,Gus,Renshall,grenshall7@time.com,Female,254.194.190.27,79,Renault,Administrative Officer,Romance
9,Karleen,Form,kform8@sakura.ne.jp,Female,249.177.224.189,43,Renault,Media Manager I,Drama
10,Debera,Gretton,dgretton9@simplemachines.org,Female,83.112.220.141,41,Opel,Financial Analyst,Drama
11,Cassandra,Cauley,ccauleya@cargocollective.com,Female,151.164.139.45,36,Renault,Physical Therapy Assistant,Drama
12,Tabby,Ovanesian,tovanesianb@cmu.edu,Male,244.187.68.48,37,Fiat,Food Chemist,Thriller
13,Gaile,Widdowson,gwiddowsonc@senate.gov,Male,80.10.237.180,69,BMW,Sales Representative,Drama
14,Freda,Cline,fclined@slate.com,Female,58.171.28.153,66,Ford,Help Desk Technician,Thriller
15,Wake,Beazleigh,wbeazleighe@free.fr,Male,213.5.210.200,75,Opel,Statistician I,Comedy
16,Maryjo,Gjerde,mgjerdef@seesaa.net,Female,20.75.40.70,76,Mazda,Marketing Manager,Thriller
17,Otis,Gillford,ogillfordg@about.com,Male,67.164.93.51,42,Renault,Pharmacist,Comedy
18,Imojean,Gouge,igougeh@smh.com.au,Female,19.170.115.90,47,Mazda,Technical Writer,Drama
19,Parry,O'Tierney,potierneyi@redcross.org,Male,192.141.253.150,64,Renault,Programmer Analyst I,Thriller
20,Desmund,Craufurd,dcraufurdj@gravatar.com,Male,141.43.7.215,46,Renault,Cost Accountant,Drama
21,Edita,Wolfendell,ewolfendellk@uol.com.br,Female,61.210.229.215,36,Fiat,Marketing Assistant,Drama
22,Jeramie,Stoll,jstolll@ocn.ne.jp,Male,68.73.87.100,46,Ford,Biostatistician II,Thriller
23,Gideon,Gammie,ggammiem@statcounter.com,Male,75.154.12.65,31,Renault,Sales Associate,Thriller
24,Aleece,Woodcraft,awoodcraftn@google.com.hk,Female,225.172.245.112,63,Ford,Business Systems Development Analyst,Drama
25,Merwyn,Beau,mbeauo@businessinsider.com,Male,150.232.245.49,55,Opel,Recruiter,Drama
26,Edie,Currm,ecurrmp@angelfire.com,Female,118.114.121.222,59,Renault,Nurse,Comedy
27,Michaela,Fogarty,mfogartyq@ed.gov,Female,64.10.169.60,36,Opel,Health Coach II,Horror
28,Leanora,Cropper,lcropperr@china.com.cn,Female,185.73.245.52,72,Renault,Nurse,Drama
29,Phineas,Westhead,pwestheads@bravesites.com,Male,38.227.193.87,67,Fiat,Senior Cost Accountant,Drama
30,Chilton,Pipe,cpipet@house.gov,Male,153.18.66.220,64,Renault,Cost Accountant,Drama
31,Georgy,Burchfield,gburchfieldu@newsvine.com,Male,246.27.221.18,76,Mazda,Paralegal,Comedy
32,Papageno,Yepiskopov,pyepiskopovv@about.me,Male,123.211.103.46,24,Renault,Environmental Tech,Thriller
33,Codi,Dudlestone,cdudlestonew@cpanel.net,Female,190.230.171.255,20,Renault,GIS Technical Architect,Drama
34,Cece,Marcham,cmarchamx@uol.com.br,Male,120.189.100.206,23,Mazda,Safety Technician III,Thriller
35,Zebadiah,Biermatowicz,zbiermatowiczy@abc.net.au,Male,247.88.60.34,67,Renault,Senior Editor,Comedy
36,Sherwin,Mustill,smustillz@oaic.gov.au,Male,167.105.207.142,26,Mazda,Marketing Assistant,Drama
37,Herschel,Chaters,hchaters10@jugem.jp,Male,130.213.146.84,47,Renault,Engineer II,Comedy
38,Mersey,Ellif,mellif11@merriam-webster.com,Female,70.221.36.44,60,Renault,Web Designer I,Comedy
39,Eli,Brendeke,ebrendeke12@prnewswire.com,Male,253.240.171.232,33,Renault,Human Resources Assistant IV,Comedy
40,Frederico,Braunston,fbraunston13@g.co,Male,73.135.148.197,75,Mazda,Analog Circuit Design manager,Thriller
41,Bidget,Anglish,banglish14@java.com,Female,241.169.255.31,52,Opel,Environmental Specialist,Action
42,Giordano,Persicke,gpersicke15@cocolog-nifty.com,Male,135.95.45.111,72,Dacia,Nurse,Thriller
43,Ned,Dawidman,ndawidman16@amazon.co.jp,Male,83.171.238.205,36,Opel,Actuary,Action
44,Bibbye,Waddingham,bwaddingham17@people.com.cn,Female,85.218.235.134,63,Renault,Technical Writer,Thriller
45,Vitia,Levane,vlevane18@whitehouse.gov,Female,229.171.197.161,61,Mazda,Community Outreach Specialist,Comedy
46,Revkah,Borthram,rborthram19@sina.com.cn,Female,158.228.70.196,68,Renault,Biostatistician IV,Comedy
47,Gunilla,Pledge,gpledge1a@sfgate.com,Female,83.55.206.184,33,Renault,Technical Writer,Thriller
48,Leshia,Veysey,lveysey1b@fastcompany.com,Female,109.180.196.216,66,Mazda,Associate Professor,Thriller
49,Robyn,Accum,raccum1c@nydailynews.com,Female,218.132.26.111,36,Renault,Senior Sales Associate,Comedy
50,Buddie,Gyppes,bgyppes1d@facebook.com,Male,71.122.126.139,47,Renault,VP Accounting,Thriller
51,Sibyl,Crowther,scrowther1e@github.io,Male,225.103.78.144,24,Renault,Data Coordiator,Drama
52,Brandy,Francom,bfrancom1f@wp.com,Male,131.34.150.67,42,Mazda,Electrical Engineer,Thriller
53,Salmon,Hallyburton,shallyburton1g@ameblo.jp,Male,183.106.133.161,48,Ford,Marketing Manager,Comedy
54,Smith,Braune,sbraune1h@technorati.com,Male,44.57.177.238,74,Opel,Administrative Officer,Thriller
55,Broderick,Duplock,bduplock1i@addtoany.com,Male,246.187.42.11,61,Renault,Dental Hygienist,Drama
56,Leigha,Betteney,lbetteney1j@economist.com,Female,252.55.4.128,20,Renault,Electrical Engineer,Comedy
57,Nanci,Luker,nluker1k@mlb.com,Female,28.201.80.22,20,Opel,Junior Executive,Thriller
58,Brendin,Sacase,bsacase1l@mozilla.org,Male,209.56.118.172,50,Mazda,Senior Sales Associate,Thriller
59,Kari,Dunsmore,kdunsmore1m@craigslist.org,Female,81.20.217.253,57,Mazda,Help Desk Technician,Drama
60,Ewell,Harriday,eharriday1n@google.de,Male,42.252.21.175,40,Opel,Speech Pathologist,Drama
61,Betsy,Wall,bwall1o@1688.com,Female,231.204.72.152,42,Mazda,Operator,Action
62,Hallie,Otson,hotson1p@elpais.com,Female,238.95.242.240,80,Renault,Compensation Analyst,Drama
63,Tymothy,Suller,tsuller1q@mapquest.com,Male,124.59.21.68,67,Opel,Physical Therapy Assistant,Thriller
64,Marquita,Doblin,mdoblin1r@goodreads.com,Female,145.55.5.211,57,Renault,Staff Scientist,Thriller
65,Jessalyn,Lodford,jlodford1s@hatena.ne.jp,Female,94.133.124.225,63,Renault,Sales Representative,Thriller
66,Walden,Gainsbury,wgainsbury1t@godaddy.com,Male,255.27.77.221,77,Mazda,Human Resources Assistant I,Thriller
67,Darlleen,Feild,dfeild1u@4shared.com,Female,163.108.238.250,36,Renault,Assistant Professor,Comedy
68,Bianka,Tregiddo,btregiddo1v@creativecommons.org,Female,144.150.58.30,65,Mazda,Financial Analyst,Thriller
69,Jemmy,Mounsey,jmounsey1w@issuu.com,Female,222.175.37.228,24,Renault,Editor,Thriller
70,Delmar,Arrundale,darrundale1x@shinystat.com,Male,30.55.195.110,70,Renault,Cost Accountant,Thriller
71,Dominique,Aylmer,daylmer1y@shop-pro.jp,Male,109.195.127.156,43,Renault,Environmental Specialist,Comedy
72,Jori,Drewry,jdrewry1z@github.io,Female,156.221.231.70,79,Opel,Civil Engineer,Drama
73,Ev,Amiss,eamiss20@usda.gov,Male,148.242.2.158,65,Renault,Technical Writer,Comedy
74,Ashlin,Gresty,agresty21@csmonitor.com,Male,41.170.30.56,29,Ford,Environmental Tech,Drama
75,Reggy,Wilhelmy,rwilhelmy22@hud.gov,Male,212.88.140.175,43,Renault,Analyst Programmer,Comedy
76,Tamara,Dust,tdust23@sciencedirect.com,Female,104.116.15.53,64,Renault,Environmental Tech,Drama
77,Trista,Druhan,tdruhan24@list-manage.com,Female,171.196.176.124,69,Mazda,Pharmacist,Action
78,Vina,Klossek,vklossek25@ezinearticles.com,Female,246.80.238.66,49,Opel,Registered Nurse,Thriller
79,Wynne,Hardacre,whardacre26@thetimes.co.uk,Female,161.95.245.69,37,Renault,Project Manager,Comedy
80,Dredi,Roskrug,droskrug27@cornell.edu,Female,69.17.99.108,60,Opel,Human Resources Assistant IV,Drama
81,Fenelia,Woofinden,fwoofinden28@techcrunch.com,Female,194.196.59.38,79,Mazda,Research Assistant II,Thriller
82,Mortimer,Crocetti,mcrocetti29@themeforest.net,Male,219.253.112.225,46,Opel,Financial Analyst,Comedy
83,Stu,Deere,sdeere2a@wix.com,Male,125.152.238.153,42,Renault,Structural Analysis Engineer,Thriller
84,Edna,Connick,econnick2b@mac.com,Female,33.117.23.0,37,Dacia,Community Outreach Specialist,Thriller
85,Emmye,Lavallin,elavallin2c@eepurl.com,Female,129.92.129.48,57,Renault,Business Systems Development Analyst,Drama
86,Jacquetta,Ferraro,jferraro2d@infoseek.co.jp,Female,233.16.236.55,20,Renault,Assistant Manager,Comedy
87,Enrico,Grut,egrut2e@symantec.com,Male,110.30.114.90,33,Renault,VP Product Management,Thriller
88,Wang,Metrick,wmetrick2f@house.gov,Male,188.197.47.159,60,Opel,Automation Specialist III,Drama
89,Orville,Sebire,osebire2g@spotify.com,Male,85.215.58.71,43,Renault,Human Resources Assistant II,Drama
90,Nicholas,O'Donegan,nodonegan2h@google.pl,Male,99.7.46.117,31,Opel,Analyst Programmer,Thriller
91,Asia,Stiff,astiff2i@tinypic.com,Female,57.229.165.188,59,Renault,Financial Analyst,Thriller
92,Lorenza,Abbots,labbots2j@wikimedia.org,Female,108.192.251.55,49,Opel,Internal Auditor,Drama
93,Emmalynn,Elwell,eelwell2k@youku.com,Female,194.13.85.237,25,Opel,Research Nurse,Comedy
94,Pen,Bromhead,pbromhead2l@howstuffworks.com,Male,178.164.93.168,49,Ford,Media Manager II,Drama
95,Tripp,Btham,tbtham2m@go.com,Male,103.9.106.141,33,Renault,Accountant I,Drama
96,Oliy,Maingot,omaingot2n@squidoo.com,Female,6.210.232.14,76,Opel,Statistician IV,Thriller
97,Fletcher,Probart,fprobart2o@vistaprint.com,Male,92.244.27.170,39,Fiat,Marketing Assistant,Action
98,Josefina,Piris,jpiris2p@earthlink.net,Female,65.146.189.125,30,Renault,Chemical Engineer,Comedy
99,Pat,Leese,pleese2q@japanpost.jp,Female,24.119.160.214,51,Opel,Account Coordinator,Action
100,Enrique,Khoter,ekhoter2r@shutterfly.com,Male,233.75.151.51,43,Opel,Statistician I,Thriller
101,Hamel,Addison,haddison2s@comcast.net,Male,213.254.57.34,51,Opel,Statistician III,Thriller
102,Cary,Greenmon,cgreenmon2t@vistaprint.com,Male,234.56.112.254,32,Mazda,Programmer I,Thriller
103,Tremain,Sebley,tsebley2u@icq.com,Male,214.74.234.249,60,Renault,Teacher,Drama
104,Gael,Zecchetti,gzecchetti2v@shareasale.com,Male,124.37.218.222,41,Opel,Professor,Comedy
105,Loella,Gradwell,lgradwell2w@google.fr,Female,23.195.95.84,58,Renault,Mechanical Systems Engineer,Thriller
106,Geralda,Lamort,glamort2x@washingtonpost.com,Female,231.127.84.25,49,Mazda,GIS Technical Architect,Thriller
107,Morly,Kleen,mkleen2y@yellowbook.com,Male,255.199.251.149,66,Renault,Librarian,Thriller
108,Kirsten,Kochlin,kkochlin2z@usnews.com,Female,91.216.150.217,37,Mazda,Executive Secretary,Thriller
109,Ole,Whytock,owhytock30@archive.org,Male,135.50.45.229,43,Renault,Human Resources Assistant I,Thriller
110,Judd,Whyley,jwhyley31@amazon.co.uk,Male,139.69.117.29,69,Renault,Accountant I,Thriller
111,Mano,Fenby,mfenby32@stanford.edu,Male,132.71.165.163,53,Renault,Senior Quality Engineer,Drama
112,Ursulina,Gass,ugass33@usda.gov,Female,46.227.26.98,75,Renault,Electrical Engineer,Drama
113,Farly,Hoyland,fhoyland34@reference.com,Male,233.85.245.189,53,Mazda,Software Consultant,Thriller
114,Artair,Puffett,apuffett35@cdc.gov,Male,50.54.36.124,44,Renault,Assistant Professor,Drama
115,Morry,Bummfrey,mbummfrey36@guardian.co.uk,Male,233.97.133.104,57,Fiat,Automation Specialist III,Thriller
116,Costa,Tandy,ctandy37@yandex.ru,Male,102.196.208.237,63,Renault,Editor,Thriller
117,Ddene,Zolini,dzolini38@slate.com,Female,215.83.48.186,30,Renault,Product Engineer,Romance
118,Cleveland,Tinton,ctinton39@google.com.au,Male,21.55.184.78,38,Ford,VP Product Management,Thriller
119,Abbe,Oggers,aoggers3a@cnet.com,Female,139.13.114.11,56,Renault,Biostatistician I,Drama
120,Jacky,Cristoferi,jcristoferi3b@mediafire.com,Male,63.179.157.255,74,Ford,Statistician IV,Thriller
121,Vicki,Petchell,vpetchell3c@timesonline.co.uk,Female,201.60.16.250,31,Mazda,Occupational Therapist,Drama
122,Antin,Defraine,adefraine3d@live.com,Male,15.192.243.28,47,Opel,Database Administrator I,Thriller
123,Shermie,Lowndsborough,slowndsborough3e@senate.gov,Male,90.207.183.87,27,Renault,Editor,Drama
124,Gordie,Sprason,gsprason3f@virginia.edu,Male,86.183.164.109,44,Renault,Quality Control Specialist,Action
125,Erich,Gubbin,egubbin3g@51.la,Male,120.104.182.119,69,BMW,Electrical Engineer,Thriller
126,Sig,Ben-Aharon,sbenaharon3h@aol.com,Male,230.123.140.139,57,Opel,Computer Systems Analyst II,Comedy
127,Joaquin,Hele,jhele3i@uiuc.edu,Male,178.83.29.238,38,Renault,VP Accounting,Thriller
128,Norton,Tampen,ntampen3j@constantcontact.com,Male,9.17.202.88,23,Renault,Geologist II,Drama
129,Rodolfo,Blinco,rblinco3k@hhs.gov,Male,185.121.146.218,35,Opel,Software Consultant,Thriller
130,Christie,Sahnow,csahnow3l@narod.ru,Male,24.206.141.132,37,Renault,Analyst Programmer,Horror
131,Boycie,Pegg,bpegg3m@usda.gov,Male,217.20.164.129,65,Mazda,Geologist I,Drama
132,Chaddy,Giraldez,cgiraldez3n@tiny.cc,Male,250.96.244.35,74,Renault,Compensation Analyst,Drama
133,Cristiano,Wane,cwane3o@cargocollective.com,Male,17.2.253.83,29,Fiat,Assistant Professor,Action
134,Chaim,Hannaway,channaway3p@shutterfly.com,Male,239.133.233.174,46,Renault,Librarian,Drama
135,Iago,Phillipson,iphillipson3q@privacy.gov.au,Male,230.15.221.115,38,Mazda,Design Engineer,Drama
136,Charlean,Denison,cdenison3r@chron.com,Female,35.16.63.211,57,Renault,Software Test Engineer II,Thriller
137,Josy,Netley,jnetley3s@admin.ch,Female,127.252.126.230,48,Renault,Business Systems Development Analyst,Drama
138,Cordy,Reaveley,creaveley3t@istockphoto.com,Male,140.130.15.25,52,Fiat,Software Engineer III,Action
139,Martynne,Prescot,mprescot3u@admin.ch,Female,29.64.80.15,67,Fiat,Human Resources Manager,Drama
140,Yehudi,Walkden,ywalkden3v@multiply.com,Male,81.131.96.182,62,Ford,Recruiting Manager,Comedy
141,Merissa,Lorkings,mlorkings3w@goo.ne.jp,Female,179.12.93.136,22,Renault,Senior Sales Associate,Comedy
142,Bobbye,Rozzier,brozzier3x@wikispaces.com,Female,152.34.135.204,62,Mazda,Staff Scientist,Comedy
143,Budd,Pattemore,bpattemore3y@twitpic.com,Male,206.245.53.238,58,Opel,Chief Design Engineer,Horror
144,Stewart,Champ,schamp3z@myspace.com,Male,224.65.207.216,38,Renault,Cost Accountant,Thriller
145,Aldo,Conew,aconew40@tumblr.com,Male,144.45.7.233,64,Opel,Associate Professor,Romance
146,Chalmers,Bott,cbott41@unicef.org,Male,38.62.155.73,72,Opel,Chief Design Engineer,Drama
147,Hertha,Piletic,hpiletic42@utexas.edu,Female,250.161.81.70,69,Opel,Human Resources Assistant III,Comedy
148,Benjamin,Olliffe,bolliffe43@ehow.com,Male,242.162.25.87,75,Opel,Legal Assistant,Drama
149,Taber,Pennicard,tpennicard44@ehow.com,Male,137.39.110.18,43,Renault,Recruiting Manager,Thriller
150,Audre,Lippiett,alippiett45@rambler.ru,Female,51.29.50.89,52,Opel,Senior Sales Associate,Thriller
151,Marcos,Chadband,mchadband46@digg.com,Male,44.64.134.250,64,Opel,Nurse Practicioner,Thriller
152,Gayle,Eynald,geynald47@washingtonpost.com,Male,160.235.25.184,20,Opel,Senior Quality Engineer,Drama
153,Lemmie,Ilbert,lilbert48@exblog.jp,Male,110.135.146.169,75,Renault,Statistician II,Thriller
154,Curtis,Grzelak,cgrzelak49@slashdot.org,Male,221.234.78.241,63,Opel,Quality Control Specialist,Drama
155,Judith,Braddock,jbraddock4a@linkedin.com,Female,126.223.192.189,73,Opel,Financial Advisor,Drama
156,Amandy,Sweating,asweating4b@loc.gov,Female,134.225.255.163,65,Ford,Media Manager II,Thriller
157,Keen,Buttfield,kbuttfield4c@baidu.com,Male,23.207.85.200,28,Renault,Clinical Specialist,Thriller
158,Hilton,Reihm,hreihm4d@umn.edu,Male,95.147.253.196,21,Renault,Engineer II,Drama
159,Abby,Joron,ajoron4e@craigslist.org,Male,209.41.171.13,60,Mazda,Sales Associate,Comedy
160,Jaclin,Tebbit,jtebbit4f@patch.com,Female,3.154.147.4,28,Renault,Senior Quality Engineer,Comedy
161,Graeme,Wenban,gwenban4g@miibeian.gov.cn,Male,91.161.243.240,37,Renault,Product Engineer,Thriller
162,Gianni,Colleford,gcolleford4h@nature.com,Male,108.250.38.76,32,Renault,Safety Technician IV,Drama
163,Clare,Dosdill,cdosdill4i@businessweek.com,Male,173.59.107.181,60,Renault,Editor,Drama
164,Emilio,Hendrickson,ehendrickson4j@drupal.org,Male,134.208.85.247,21,Renault,Help Desk Operator,Drama
165,Irvine,Tilson,itilson4k@accuweather.com,Male,28.213.193.154,34,Mazda,GIS Technical Architect,Comedy
166,Orion,Hugonet,ohugonet4l@bloomberg.com,Male,63.57.5.190,64,Opel,General Manager,Thriller
167,Rayner,Bonifazio,rbonifazio4m@twitpic.com,Male,112.12.133.251,22,Renault,Software Consultant,Thriller
168,Bel,Skae,bskae4n@newyorker.com,Female,163.171.86.229,53,Opel,Paralegal,Romance
169,Jordanna,Jerrim,jjerrim4o@diigo.com,Female,54.192.133.215,43,Renault,Programmer IV,Thriller
170,Klara,Everton,keverton4p@whitehouse.gov,Female,214.196.207.86,65,Opel,Tax Accountant,Comedy
171,Ahmad,Lubbock,alubbock4q@cafepress.com,Male,180.93.38.149,40,Renault,Graphic Designer,Thriller
172,Rachel,Croal,rcroal4r@wsj.com,Female,235.124.108.157,41,Renault,Dental Hygienist,Thriller
173,Grant,Skala,gskala4s@usgs.gov,Male,89.112.202.77,75,Opel,Marketing Assistant,Thriller
174,Inez,Marton,imarton4t@soup.io,Female,181.148.194.145,25,Renault,VP Accounting,Action
175,Enriqueta,Chiles,echiles4u@dion.ne.jp,Female,166.86.252.192,36,Renault,Assistant Manager,Thriller
176,Fonz,Brewood,fbrewood4v@usnews.com,Male,120.214.4.34,77,Renault,VP Quality Control,Action
177,Adel,Fleming,afleming4w@upenn.edu,Female,140.238.66.57,33,Mazda,Account Executive,Thriller
178,Eward,Bustard,ebustard4x@va.gov,Male,163.8.37.211,23,Renault,VP Accounting,Action
179,Grover,Hush,ghush4y@oaic.gov.au,Male,96.20.81.124,43,Renault,Structural Engineer,Thriller
180,Miller,Broderick,mbroderick4z@prnewswire.com,Male,26.12.242.200,66,Renault,Research Associate,Thriller
181,Ilysa,Gilcriest,igilcriest50@e-recht24.de,Female,126.85.141.213,77,Mazda,Editor,Drama
182,Livy,McAndrew,lmcandrew51@wufoo.com,Female,189.78.42.164,33,Opel,Physical Therapy Assistant,Thriller
183,Faina,Domenicone,fdomenicone52@example.com,Female,192.201.163.249,45,Fiat,Financial Analyst,Thriller
184,Duane,Cadogan,dcadogan53@tuttocitta.it,Male,209.142.26.67,56,Renault,Structural Engineer,Thriller
185,Merry,Toghill,mtoghill54@ocn.ne.jp,Female,50.89.87.195,62,Opel,Compensation Analyst,Drama
186,Doe,Sebire,dsebire55@elpais.com,Female,179.249.241.151,53,Renault,Actuary,Thriller
187,Ellswerth,Hyman,ehyman56@bravesites.com,Male,206.27.99.14,65,Renault,Teacher,Comedy
188,Delores,Noorwood,dnoorwood57@bluehost.com,Female,193.41.52.11,45,Mazda,Recruiter,Comedy
189,Patty,Abrey,pabrey58@purevolume.com,Male,118.200.45.193,40,Renault,Structural Engineer,Action
190,Arnoldo,Pieters,apieters59@mayoclinic.com,Male,195.37.87.29,63,Ford,Account Executive,Drama
191,Alvinia,Perassi,aperassi5a@ustream.tv,Female,100.224.151.78,73,Renault,Account Coordinator,Comedy
192,Mirabel,Kime,mkime5b@vk.com,Female,18.200.112.178,80,Renault,Physical Therapy Assistant,Thriller
193,Ezekiel,Henbury,ehenbury5c@wunderground.com,Male,226.17.221.76,27,Renault,Office Assistant III,Drama
194,Ailis,Climance,aclimance5d@shutterfly.com,Female,52.190.6.208,56,Fiat,Research Assistant IV,Thriller
195,Yuma,Biddulph,ybiddulph5e@oaic.gov.au,Male,38.85.17.40,67,Renault,Clinical Specialist,Drama
196,Wendie,Gercken,wgercken5f@multiply.com,Female,53.219.202.163,25,Opel,Physical Therapy Assistant,Drama
197,Arlen,Jurczik,ajurczik5g@infoseek.co.jp,Male,41.196.219.106,63,Renault,Senior Cost Accountant,Thriller
198,Hewet,Pinder,hpinder5h@indiatimes.com,Male,253.102.247.216,61,Mazda,Budget/Accounting Analyst III,Thriller
199,Teodoor,Heelis,theelis5i@hud.gov,Male,212.219.180.54,50,Opel,Recruiter,Drama
200,Burg,Linnard,blinnard5j@ameblo.jp,Male,28.97.102.148,64,Ford,Business Systems Development Analyst,Drama
201,Bryant,Pinsent,bpinsent5k@umn.edu,Male,187.192.17.44,49,Renault,Developer III,Drama
202,Alis,Oxlee,aoxlee5l@apple.com,Female,231.251.78.45,79,Opel,Data Coordiator,Drama
203,Giulietta,Tessington,gtessington5m@wp.com,Female,71.139.239.46,62,Opel,Research Associate,Thriller
204,Tammy,Edards,tedards5n@51.la,Male,85.70.99.153,55,Renault,Senior Cost Accountant,Comedy
205,Roseann,Redparth,rredparth5o@uiuc.edu,Female,13.193.175.64,46,Opel,Physical Therapy Assistant,Thriller
206,Christophorus,Loisi,cloisi5p@hexun.com,Male,169.161.66.222,37,Opel,Help Desk Operator,Thriller
207,Kora,Netley,knetley5q@dropbox.com,Female,170.233.25.51,52,Renault,VP Quality Control,Drama
208,Demott,Piddock,dpiddock5r@tripod.com,Male,41.159.121.166,59,Renault,Account Executive,Drama
209,Iago,Hamshere,ihamshere5s@earthlink.net,Male,198.64.218.198,43,Opel,Statistician IV,Thriller
210,Marijo,Hardie,mhardie5t@un.org,Female,46.127.251.12,77,Renault,Technical Writer,Comedy
211,Chrissy,Layus,clayus5u@plala.or.jp,Male,199.21.25.156,48,Renault,Speech Pathologist,Thriller
212,Evin,Eales,eeales5v@barnesandnoble.com,Male,235.175.251.183,59,Fiat,Web Developer II,Thriller
213,Roobbie,Benediktovich,rbenediktovich5w@wufoo.com,Female,221.120.234.129,26,Renault,Quality Engineer,Drama
214,Averil,Conyer,aconyer5x@walmart.com,Male,181.9.89.88,66,Renault,Health Coach II,Thriller
215,Adolpho,Ouldcott,aouldcott5y@miitbeian.gov.cn,Male,16.59.144.37,73,Opel,Professor,Thriller
216,Sheilah,Saladino,ssaladino5z@yahoo.co.jp,Female,254.90.203.240,24,Renault,Director of Sales,Thriller
217,Heida,Kilgrove,hkilgrove60@icio.us,Female,45.168.90.80,23,Renault,Senior Sales Associate,Thriller
218,Simone,Rowes,srowes61@dagondesign.com,Female,137.90.212.219,22,Ford,Environmental Specialist,Drama
219,Darryl,Whyberd,dwhyberd62@google.ru,Female,22.107.106.136,53,Renault,Programmer Analyst I,Drama
220,Amity,Cavolini,acavolini63@google.it,Female,233.31.79.251,40,Renault,Compensation Analyst,Thriller
221,Berkeley,Dalliwatr,bdalliwatr64@lulu.com,Male,237.162.151.233,20,Renault,Senior Financial Analyst,Thriller
222,Lily,Rigler,lrigler65@youku.com,Female,65.102.133.138,43,Renault,Mechanical Systems Engineer,Comedy
223,Gaston,Bastard,gbastard66@chron.com,Male,91.213.2.128,75,Renault,Operator,Thriller
224,Ruggiero,Caulliere,rcaulliere67@sakura.ne.jp,Male,212.122.154.220,28,Renault,Senior Editor,Drama
225,Herb,Mairs,hmairs68@nhs.uk,Male,42.37.163.6,57,Opel,Geological Engineer,Thriller
226,Sherlocke,Pybworth,spybworth69@rambler.ru,Male,32.22.66.89,57,Renault,Software Engineer IV,Action
227,Dorree,Oke,doke6a@chicagotribune.com,Female,121.177.200.180,37,Renault,Web Designer I,Comedy
228,Shawna,Longrigg,slongrigg6b@reddit.com,Female,18.7.240.139,59,Renault,Health Coach IV,Drama
229,Robb,Robilliard,rrobilliard6c@ning.com,Male,139.222.244.231,48,Renault,Accountant I,Thriller
230,Mackenzie,Mournian,mmournian6d@sphinn.com,Male,87.231.54.161,32,BMW,Food Chemist,Comedy
231,Errick,Barroux,ebarroux6e@parallels.com,Male,124.36.195.194,29,Renault,Project Manager,Drama
232,Maurits,Celier,mcelier6f@fc2.com,Male,171.45.239.149,71,Renault,Human Resources Assistant I,Action
233,Adams,Chazelle,achazelle6g@ucla.edu,Male,188.189.168.88,27,Renault,Account Coordinator,Thriller
234,Barnard,Sallinger,bsallinger6h@networkadvertising.org,Male,108.107.83.12,34,Renault,Systems Administrator IV,Thriller
235,Esther,Davidescu,edavidescu6i@technorati.com,Female,218.17.35.111,53,Ford,Information Systems Manager,Comedy
236,Jammal,Pinnocke,jpinnocke6j@ycombinator.com,Male,169.128.76.68,63,Mazda,Paralegal,Thriller
237,Laurie,Kenworthy,lkenworthy6k@nifty.com,Male,83.163.251.180,27,Renault,Human Resources Manager,Thriller
238,Byrann,Gannicott,bgannicott6l@go.com,Male,84.53.161.157,78,Opel,Structural Analysis Engineer,Thriller
239,Melina,Lyptratt,mlyptratt6m@is.gd,Female,184.169.109.39,73,Renault,Information Systems Manager,Drama
240,Tawsha,Duncan,tduncan6n@desdev.cn,Female,142.194.144.153,39,Renault,Tax Accountant,Comedy
241,Carolina,Chiommienti,cchiommienti6o@wsj.com,Female,138.32.0.40,30,Opel,Environmental Specialist,Drama
242,Tim,Stearnes,tstearnes6p@posterous.com,Male,19.16.117.124,75,Renault,Programmer II,Action
243,Dolly,Riguard,driguard6q@diigo.com,Female,191.178.20.187,43,Opel,Office Assistant I,Thriller
244,Flore,Coopey,fcoopey6r@artisteer.com,Female,188.252.89.102,32,Renault,Senior Quality Engineer,Romance
245,Sadie,Silverton,ssilverton6s@newsvine.com,Female,2.98.197.121,33,Renault,Software Engineer III,Drama
246,Wendell,Purvess,wpurvess6t@pen.io,Male,29.112.7.47,57,Renault,Systems Administrator I,Drama
247,Amara,Mayberry,amayberry6u@tiny.cc,Female,1.125.151.70,55,Renault,Professor,Drama
248,Kala,Coddington,kcoddington6v@reverbnation.com,Female,89.86.175.249,45,Renault,Statistician II,Horror
249,Lynnet,Cyster,lcyster6w@ebay.com,Female,126.201.122.144,46,Renault,Senior Developer,Thriller
250,Rutherford,Patton,rpatton6x@gov.uk,Male,73.75.156.153,25,Renault,Nurse,Thriller
251,Vitoria,Ciccottio,vciccottio6y@example.com,Female,161.13.175.128,41,Opel,Engineer II,Romance
252,Ellary,Gillimgham,egillimgham6z@hatena.ne.jp,Male,5.9.251.148,49,Opel,Human Resources Manager,Thriller
253,Artie,Willman,awillman70@cargocollective.com,Male,132.117.170.130,26,Renault,Senior Editor,Thriller
254,Link,Sannes,lsannes71@twitpic.com,Male,210.110.243.243,28,Opel,Assistant Media Planner,Thriller
255,Aksel,Westwick,awestwick72@vimeo.com,Male,96.248.73.159,22,Renault,VP Sales,Thriller
256,Susanna,Gosker,sgosker73@dropbox.com,Female,108.205.164.156,54,Mazda,Statistician III,Drama
257,Maynard,Venturoli,mventuroli74@ycombinator.com,Male,43.249.251.203,60,Fiat,Senior Quality Engineer,Thriller
258,Lenard,Lomb,llomb75@goo.gl,Male,196.211.64.234,69,Mazda,Operator,Thriller
259,Minette,Larmor,mlarmor76@qq.com,Female,60.4.214.239,20,Mazda,Research Associate,Thriller
260,Deloria,Stutely,dstutely77@naver.com,Female,22.170.132.182,60,Renault,Software Consultant,Thriller
261,Duff,Bauser,dbauser78@paginegialle.it,Male,239.5.188.152,78,Renault,Administrative Officer,Drama
262,Rosabel,Rolse,rrolse79@miibeian.gov.cn,Female,34.0.239.117,70,Renault,Senior Sales Associate,Action
263,Haskell,Hansana,hhansana7a@csmonitor.com,Male,57.164.200.240,66,Opel,Professor,Drama
264,Kendell,Helliker,khelliker7b@google.fr,Male,39.107.143.168,76,Renault,Actuary,Comedy
265,Franky,Trowel,ftrowel7c@about.me,Male,89.44.68.202,50,Renault,Environmental Specialist,Comedy
266,Ashla,Pringell,apringell7d@dyndns.org,Female,164.226.153.62,55,Opel,Recruiter,Horror
267,Alyse,Bridger,abridger7e@bloomberg.com,Female,129.218.25.194,55,Renault,Quality Engineer,Drama
268,Shaughn,Ferrone,sferrone7f@merriam-webster.com,Male,174.116.182.6,34,Renault,Professor,Drama
269,Trudey,Stoll,tstoll7g@yahoo.co.jp,Female,109.109.167.94,77,Ford,Analyst Programmer,Thriller
270,Dode,Crebbin,dcrebbin7h@infoseek.co.jp,Female,180.153.108.138,32,Renault,Sales Representative,Thriller
271,Georgeta,Ellse,gellse7i@istockphoto.com,Female,250.42.15.183,62,Mazda,Staff Scientist,Drama
272,Dotty,Roll,droll7j@paginegialle.it,Female,178.185.147.191,52,Opel,Clinical Specialist,Thriller
273,Finn,Mulcaster,fmulcaster7k@nsw.gov.au,Male,82.114.45.130,53,Mazda,Product Engineer,Thriller
274,Yance,Jirousek,yjirousek7l@trellian.com,Male,184.234.56.14,79,Renault,Marketing Assistant,Drama
275,Tonia,Keggin,tkeggin7m@discovery.com,Female,246.110.0.149,67,Renault,Systems Administrator IV,Drama
276,Maurine,Maudling,mmaudling7n@moonfruit.com,Female,14.72.169.19,67,Ford,Account Executive,Drama
277,Joe,Josefsson,jjosefsson7o@smugmug.com,Male,250.141.167.205,22,Renault,Account Coordinator,Drama
278,Donall,Cockcroft,dcockcroft7p@booking.com,Male,83.104.180.45,71,Renault,Quality Engineer,Drama
279,Rabi,Lidington,rlidington7q@mayoclinic.com,Male,240.13.223.123,69,Opel,Editor,Comedy
280,Debee,Kenwright,dkenwright7r@liveinternet.ru,Female,236.179.132.236,29,Renault,Speech Pathologist,Action
281,Sherwin,Brassill,sbrassill7s@google.ca,Male,178.165.208.22,62,Ford,Programmer Analyst IV,Comedy
282,Livvie,Olivey,lolivey7t@dailymotion.com,Female,236.193.98.75,70,Renault,Speech Pathologist,Thriller
283,Bradan,Skayman,bskayman7u@amazon.de,Male,235.194.42.218,25,Renault,Environmental Specialist,Comedy
284,Welch,Sieghard,wsieghard7v@domainmarket.com,Male,225.206.219.85,59,Mazda,Engineer IV,Thriller
285,Barbara,Towle,btowle7w@ameblo.jp,Female,73.101.208.122,67,Fiat,Community Outreach Specialist,Thriller
286,Danielle,Polak,dpolak7x@deviantart.com,Female,66.198.243.48,54,Ford,Cost Accountant,Thriller
287,Lemuel,Peete,lpeete7y@is.gd,Male,182.160.60.126,40,Ford,Web Developer IV,Thriller
288,Isac,Gutridge,igutridge7z@google.ca,Male,19.201.121.206,76,Renault,Speech Pathologist,Thriller
289,Howey,Frondt,hfrondt80@time.com,Male,143.50.230.227,61,Renault,Project Manager,Thriller
290,Rodney,Tander,rtander81@businesswire.com,Male,98.116.163.41,69,Renault,Desktop Support Technician,Thriller
291,Martha,Dorow,mdorow82@google.nl,Female,82.225.237.139,36,Renault,Compensation Analyst,Drama
292,Rutger,Flucks,rflucks83@examiner.com,Male,109.175.214.79,57,Mazda,Quality Control Specialist,Thriller
293,Tobias,Noone,tnoone84@goo.gl,Male,32.69.134.205,36,Renault,Quality Control Specialist,Drama
294,Delano,Canlin,dcanlin85@state.gov,Male,36.82.28.47,72,Ford,Occupational Therapist,Drama
295,Sidnee,Jacquemet,sjacquemet86@howstuffworks.com,Male,140.113.166.213,63,Mazda,Systems Administrator IV,Thriller
296,Vidovik,Extall,vextall87@yolasite.com,Male,143.214.51.252,80,Mazda,Staff Scientist,Comedy
297,Tedda,Zecchii,tzecchii88@sourceforge.net,Female,96.76.241.221,76,Opel,Analyst Programmer,Comedy
298,Jock,Tatershall,jtatershall89@deliciousdays.com,Male,113.137.177.131,76,Renault,Paralegal,Thriller
299,Brittaney,Camfield,bcamfield8a@netvibes.com,Female,228.75.240.168,61,Renault,Senior Financial Analyst,Thriller
300,Maryl,Penniell,mpenniell8b@acquirethisname.com,Female,136.203.59.155,33,Renault,VP Accounting,Thriller
301,Bryn,Haskew,bhaskew8c@surveymonkey.com,Male,157.146.9.149,63,Renault,Nurse,Drama
302,Leeann,Whitlam,lwhitlam8d@wunderground.com,Female,76.107.209.130,41,Opel,Marketing Assistant,Action
303,Tulley,McMichan,tmcmichan8e@twitter.com,Male,220.89.117.34,39,Fiat,VP Sales,Thriller
304,Philly,Demoge,pdemoge8f@ft.com,Female,64.149.49.194,69,Renault,Automation Specialist III,Drama
305,Heindrick,Edmett,hedmett8g@dagondesign.com,Male,91.114.47.7,33,Renault,Sales Associate,Drama
306,Emmerich,Godin,egodin8h@xrea.com,Male,19.142.214.39,38,Mazda,General Manager,Thriller
307,Mikel,Ygoe,mygoe8i@twitter.com,Male,31.111.95.246,45,Renault,Assistant Manager,Thriller
308,Patrizia,Phidgin,pphidgin8j@g.co,Female,107.144.51.92,22,Renault,Chief Design Engineer,Thriller
309,Lennard,Ledgeway,lledgeway8k@ihg.com,Male,217.148.243.126,78,Opel,Research Assistant I,Thriller
310,Stormi,Woodlands,swoodlands8l@prweb.com,Female,223.114.98.97,31,Ford,Recruiter,Thriller
311,Melli,Castree,mcastree8m@multiply.com,Female,177.57.144.143,58,Renault,Systems Administrator II,Drama
312,Mari,Standidge,mstandidge8n@mozilla.org,Female,196.253.187.5,50,Opel,Geologist IV,Thriller
313,Edlin,Ouchterlony,eouchterlony8o@plala.or.jp,Male,141.30.181.13,20,Renault,Editor,Comedy
314,Ralph,Lammertz,rlammertz8p@vinaora.com,Male,193.194.187.180,45,Renault,Senior Developer,Thriller
315,Cello,Dainter,cdainter8q@cbsnews.com,Male,226.11.226.160,58,Renault,Environmental Tech,Thriller
316,Mandie,Wilcocke,mwilcocke8r@1und1.de,Female,235.232.131.99,66,Opel,Biostatistician I,Drama
317,Byron,Grahlmans,bgrahlmans8s@va.gov,Male,18.245.154.127,51,Renault,Actuary,Drama
318,Justus,Vear,jvear8t@tiny.cc,Male,49.35.146.31,35,Renault,Nurse Practicioner,Drama
319,Cornelius,Woolager,cwoolager8u@biblegateway.com,Male,42.147.226.14,27,Renault,Media Manager IV,Thriller
320,Paulina,Mellish,pmellish8v@xing.com,Female,21.82.228.147,40,Mazda,Computer Systems Analyst II,Thriller
321,Curcio,Bradly,cbradly8w@merriam-webster.com,Male,145.252.240.142,79,Renault,Nurse Practicioner,Drama
322,My,Grisenthwaite,mgrisenthwaite8x@oakley.com,Male,249.6.169.194,29,Opel,Programmer Analyst II,Romance
323,Grazia,Grinley,ggrinley8y@nasa.gov,Female,175.229.174.232,49,Opel,Actuary,Thriller
324,Seana,Acors,sacors8z@cocolog-nifty.com,Female,124.244.81.191,33,Opel,Senior Quality Engineer,Thriller
325,Lindsey,Bell,lbell90@hostgator.com,Male,213.211.158.163,64,Mazda,Payment Adjustment Coordinator,Drama
326,Marie-jeanne,Gridon,mgridon91@nyu.edu,Female,204.126.136.238,80,Renault,Accountant II,Action
327,Oneida,Colquitt,ocolquitt92@parallels.com,Female,218.241.201.133,80,Opel,Payment Adjustment Coordinator,Drama
328,Jaquenette,Rumsey,jrumsey93@lycos.com,Female,224.76.156.31,56,BMW,Budget/Accounting Analyst III,Comedy
329,Jareb,Terry,jterry94@prweb.com,Male,217.26.125.101,61,Renault,Assistant Professor,Thriller
330,Philip,Tynewell,ptynewell95@creativecommons.org,Male,243.224.97.63,39,Mazda,Occupational Therapist,Comedy
331,Shelly,Dring,sdring96@csmonitor.com,Female,222.40.190.173,62,Renault,Technical Writer,Thriller
332,Essie,Nutkins,enutkins97@ucsd.edu,Female,157.133.7.99,63,Renault,Mechanical Systems Engineer,Thriller
333,Ajay,Toy,atoy98@icq.com,Female,248.255.217.205,20,Opel,Business Systems Development Analyst,Thriller
334,Wendell,Studholme,wstudholme99@barnesandnoble.com,Male,176.139.245.42,20,Renault,Web Developer III,Drama
335,Dian,Ferrant,dferrant9a@mozilla.com,Female,23.156.153.87,39,Opel,VP Accounting,Comedy
336,Drusilla,Bousquet,dbousquet9b@bloglovin.com,Female,255.16.206.197,24,Opel,Community Outreach Specialist,Thriller
337,Nissa,Baud,nbaud9c@mashable.com,Female,226.205.214.167,57,Renault,VP Marketing,Thriller
338,Jinny,Jamson,jjamson9d@dagondesign.com,Female,83.96.120.216,63,Opel,Director of Sales,Thriller
339,Honor,Kenson,hkenson9e@howstuffworks.com,Female,72.99.101.118,42,Renault,Occupational Therapist,Thriller
340,Benito,Brunotti,bbrunotti9f@paypal.com,Male,50.254.70.112,41,Renault,Staff Accountant III,Thriller
341,Cody,Volet,cvolet9g@mozilla.com,Male,215.75.233.79,49,Renault,Quality Control Specialist,Comedy
342,Debi,Garrit,dgarrit9h@guardian.co.uk,Female,54.202.157.9,29,Mazda,Human Resources Assistant II,Thriller
343,Onofredo,Pech,opech9i@reference.com,Male,63.17.15.245,37,Renault,Account Representative II,Drama
344,Biddy,Tatchell,btatchell9j@noaa.gov,Female,78.184.86.206,42,Renault,Programmer II,Thriller
345,Lexis,Chalmers,lchalmers9k@etsy.com,Female,13.159.62.223,31,Renault,Health Coach III,Drama
346,Ugo,Daniau,udaniau9l@chron.com,Male,54.104.142.139,80,BMW,Research Assistant I,Comedy
347,Fae,Gebbie,fgebbie9m@nature.com,Female,133.189.140.209,20,Renault,Associate Professor,Thriller
348,Lind,Costelow,lcostelow9n@gnu.org,Male,20.101.226.133,30,Mazda,Recruiting Manager,Drama
349,Job,Peacey,jpeacey9o@ucsd.edu,Male,2.255.2.74,45,Dacia,General Manager,Thriller
350,Christian,Blewett,cblewett9p@hostgator.com,Female,236.104.15.69,70,Ford,Geological Engineer,Thriller
351,Nerita,Kordova,nkordova9q@apple.com,Female,164.189.77.143,67,Opel,Office Assistant III,Action
352,Diane,Arkin,darkin9r@howstuffworks.com,Female,50.146.217.165,41,Renault,Payment Adjustment Coordinator,Thriller
353,Ebonee,MacDermot,emacdermot9s@redcross.org,Female,53.144.7.68,57,Renault,Senior Developer,Romance
354,Farand,Folkerd,ffolkerd9t@meetup.com,Female,29.127.27.14,51,Opel,Web Developer III,Action
355,Ardelis,Errigo,aerrigo9u@mlb.com,Female,133.122.95.116,61,Renault,Physical Therapy Assistant,Thriller
356,Noami,Minto,nminto9v@123-reg.co.uk,Female,166.129.211.101,23,Renault,Mechanical Systems Engineer,Thriller
357,Eugenie,Allsworth,eallsworth9w@bluehost.com,Female,25.99.249.107,68,Opel,Financial Analyst,Comedy
358,Zebedee,Salvin,zsalvin9x@boston.com,Male,43.155.101.7,35,Opel,Sales Associate,Thriller
359,Chaunce,Attenbrow,cattenbrow9y@sbwire.com,Male,217.62.159.155,26,Dacia,Senior Developer,Romance
360,Ricki,Rolin,rrolin9z@people.com.cn,Male,208.220.167.255,33,Mazda,Research Associate,Thriller
361,Lani,Riddel,lriddela0@oakley.com,Female,132.234.238.81,37,Opel,Assistant Manager,Drama
362,Allix,Boutell,aboutella1@cnbc.com,Female,45.5.167.17,49,Renault,Staff Scientist,Thriller
363,Yorgos,Coatman,ycoatmana2@pen.io,Male,218.181.177.183,40,Renault,Payment Adjustment Coordinator,Horror
364,Verna,Iannelli,viannellia3@statcounter.com,Female,241.41.41.127,46,Opel,Community Outreach Specialist,Thriller
365,Wilmette,Le febre,wlefebrea4@ftc.gov,Female,150.248.208.49,50,Renault,Programmer Analyst II,Thriller
366,Gerald,Roth,grotha5@wp.com,Male,66.181.24.43,69,Fiat,Chief Design Engineer,Comedy
367,Jessamyn,Meighan,jmeighana6@china.com.cn,Female,140.131.243.22,59,Opel,Recruiter,Drama
368,Tybie,Chasemoore,tchasemoorea7@google.de,Female,85.58.186.159,21,Mazda,Assistant Professor,Comedy
369,Brita,Pardi,bpardia8@privacy.gov.au,Female,176.121.66.125,46,Renault,Project Manager,Thriller
370,Virgina,Emma,vemmaa9@linkedin.com,Female,173.238.108.70,41,Renault,Administrative Assistant III,Comedy
371,Desdemona,Beany,dbeanyaa@deliciousdays.com,Female,110.218.96.84,52,Renault,Librarian,Thriller
372,Caryn,Aveyard,caveyardab@ucla.edu,Female,173.203.60.46,50,Dacia,Information Systems Manager,Horror
373,Alanna,Joerning,ajoerningac@apache.org,Female,219.103.231.17,22,Renault,Computer Systems Analyst III,Romance
374,Gian,Schindler,gschindlerad@princeton.edu,Male,59.153.117.217,42,Renault,Tax Accountant,Thriller
375,Euell,Greensted,egreenstedae@hubpages.com,Male,142.252.108.117,27,Renault,Graphic Designer,Romance
376,Ezra,Squibb,esquibbaf@ask.com,Male,154.144.190.181,67,Renault,Human Resources Manager,Thriller
377,Beverly,Soar,bsoarag@bing.com,Female,136.149.149.184,74,Renault,Accounting Assistant I,Comedy
378,Tedie,Chaffer,tchafferah@springer.com,Male,222.247.239.94,38,Mazda,Clinical Specialist,Horror
379,Cherri,Absolom,cabsolomai@parallels.com,Female,50.181.107.9,37,Renault,VP Product Management,Action
380,Jesse,Nodin,jnodinaj@telegraph.co.uk,Male,124.145.97.34,36,Ford,Staff Scientist,Thriller
381,Helge,Menhenitt,hmenhenittak@blinklist.com,Female,161.195.70.246,26,Ford,Research Associate,Thriller
382,Tiebold,Ida,tidaal@omniture.com,Male,251.49.95.242,55,Opel,Design Engineer,Comedy
383,James,Blewmen,jblewmenam@nifty.com,Male,72.29.127.252,38,Mazda,Legal Assistant,Thriller
384,Starlin,Baselio,sbaselioan@wix.com,Female,106.89.185.162,50,Ford,Human Resources Assistant II,Thriller
385,Lynnet,Ede,ledeao@behance.net,Female,93.108.57.236,20,Renault,Quality Engineer,Thriller
386,Dannie,Speeding,dspeedingap@merriam-webster.com,Male,183.235.81.99,75,Ford,Recruiting Manager,Thriller
387,Ynez,Chevolleau,ychevolleauaq@nifty.com,Female,147.52.172.211,49,Renault,Software Consultant,Thriller
388,Quintus,Hungerford,qhungerfordar@springer.com,Male,174.151.177.106,23,Opel,Paralegal,Comedy
389,Izzy,Vannucci,ivannuccias@godaddy.com,Male,103.168.194.86,52,Renault,Human Resources Assistant III,Thriller
390,Latisha,Towsie,ltowsieat@spotify.com,Female,2.59.221.229,45,Opel,Staff Accountant III,Thriller
391,Arline,Burl,aburlau@mediafire.com,Female,12.76.205.164,67,Mazda,Analyst Programmer,Drama
392,Shay,Whiley,swhileyav@fema.gov,Female,115.217.71.251,48,Fiat,General Manager,Drama
393,Eldon,Dadd,edaddaw@weather.com,Male,225.63.107.156,36,Renault,Paralegal,Thriller
394,Eran,Zimmermeister,ezimmermeisterax@skyrock.com,Female,137.154.176.59,35,Renault,Librarian,Thriller
395,Richy,Jelkes,rjelkesay@springer.com,Male,238.249.19.151,40,Opel,Computer Systems Analyst II,Comedy
396,Gardie,Colchett,gcolchettaz@hp.com,Male,255.212.88.1,60,Opel,Teacher,Thriller
397,Reuven,Champ,rchampb0@squarespace.com,Male,155.93.14.92,43,Renault,Professor,Thriller
398,Lowell,Renyard,lrenyardb1@hugedomains.com,Male,129.243.240.5,69,Renault,Food Chemist,Romance
399,Kenon,Torrecilla,ktorrecillab2@thetimes.co.uk,Male,92.65.93.158,80,Mazda,Senior Editor,Drama
400,Caitlin,Kennedy,ckennedyb3@ucsd.edu,Female,28.0.171.161,41,Opel,Chief Design Engineer,Thriller
401,El,Gebbe,egebbeb4@bluehost.com,Male,16.114.151.112,38,Renault,Product Engineer,Comedy
402,Homerus,Gason,hgasonb5@phoca.cz,Male,160.247.118.39,66,Opel,Electrical Engineer,Horror
403,Corinna,Ranking,crankingb6@bloomberg.com,Female,97.81.85.89,58,Ford,Environmental Tech,Drama
404,Mel,Tabram,mtabramb7@facebook.com,Female,123.247.207.226,79,Ford,Systems Administrator IV,Comedy
405,Arri,Hruska,ahruskab8@home.pl,Male,74.190.215.107,70,Renault,Paralegal,Thriller
406,Meta,Wibrew,mwibrewb9@joomla.org,Female,37.86.209.198,42,Opel,Graphic Designer,Thriller
407,Cad,Canellas,ccanellasba@chronoengine.com,Male,231.25.194.30,49,Renault,Business Systems Development Analyst,Action
408,Francois,Worley,fworleybb@goodreads.com,Male,47.232.171.135,25,Renault,Senior Sales Associate,Horror
409,Florida,Allsop,fallsopbc@wordpress.com,Female,85.225.76.210,27,Renault,Geologist II,Thriller
410,Carol,Dack,cdackbd@deviantart.com,Female,14.228.89.192,24,Mazda,VP Product Management,Comedy
411,Vyky,Larway,vlarwaybe@51.la,Female,231.215.248.153,34,Renault,Pharmacist,Thriller
412,Melina,Rains,mrainsbf@seattletimes.com,Female,238.17.129.209,77,Renault,Database Administrator II,Thriller
413,Anson,Arnault,aarnaultbg@ifeng.com,Male,143.3.131.179,73,Opel,Assistant Manager,Thriller
414,Karlis,Sokell,ksokellbh@answers.com,Male,81.148.247.16,47,Renault,Environmental Specialist,Thriller
415,Aleksandr,Staresmeare,astaresmearebi@plala.or.jp,Male,130.72.230.150,60,Renault,Human Resources Assistant IV,Drama
416,Sawyere,Galle,sgallebj@amazon.co.uk,Male,250.48.124.2,62,Renault,Data Coordiator,Thriller
417,Alejoa,Emmanueli,aemmanuelibk@blogger.com,Male,233.55.141.131,54,Renault,Quality Engineer,Thriller
418,Tracee,Heustice,theusticebl@example.com,Female,102.200.213.28,20,Fiat,Research Associate,Thriller
419,Valentina,MacGillavery,vmacgillaverybm@discuz.net,Female,132.25.232.27,71,Fiat,Project Manager,Drama
420,Holmes,Aucutt,haucuttbn@engadget.com,Male,221.204.142.17,34,Opel,Electrical Engineer,Drama
421,Isidro,Dooman,idoomanbo@squarespace.com,Male,157.52.112.213,46,Renault,Database Administrator I,Thriller
422,Samara,Arnopp,sarnoppbp@google.ru,Female,28.171.28.98,45,Opel,Health Coach I,Drama
423,Bram,Diegan,bdieganbq@who.int,Male,53.251.74.206,72,Opel,Nuclear Power Engineer,Thriller
424,Cheston,Belfitt,cbelfittbr@psu.edu,Male,109.187.163.1,63,Renault,Assistant Manager,Drama
425,Bartholomeus,Dosdill,bdosdillbs@spiegel.de,Male,25.175.197.65,71,Renault,Electrical Engineer,Thriller
426,Brucie,Morey,bmoreybt@joomla.org,Male,77.240.30.234,22,Opel,GIS Technical Architect,Thriller
427,Mandy,Hiddersley,mhiddersleybu@admin.ch,Female,218.200.244.27,21,Renault,Editor,Thriller
428,Eunice,Wakely,ewakelybv@vistaprint.com,Female,226.90.193.244,47,Renault,Legal Assistant,Drama
429,Cordi,Ravenscroft,cravenscroftbw@usnews.com,Female,242.98.19.85,22,Renault,Engineer I,Thriller
430,Dotty,Farguhar,dfarguharbx@nih.gov,Female,90.245.246.69,35,Opel,Recruiting Manager,Comedy
431,Georgianna,Faunch,gfaunchby@phpbb.com,Female,121.12.93.166,42,Renault,Editor,Action
432,Mirelle,Relfe,mrelfebz@mediafire.com,Female,98.231.143.154,44,Renault,Compensation Analyst,Drama
433,Torrence,Curtois,tcurtoisc0@cdc.gov,Male,132.48.215.95,51,Renault,Analog Circuit Design manager,Thriller
434,Kayne,Heynel,kheynelc1@boston.com,Male,63.71.143.204,42,Renault,Research Nurse,Thriller
435,Boot,Abba,babbac2@cornell.edu,Male,195.73.94.27,70,Renault,Senior Developer,Thriller
436,Dorie,Wannop,dwannopc3@yellowpages.com,Female,179.72.30.207,73,Renault,GIS Technical Architect,Drama
437,Violet,Colbourn,vcolbournc4@indiatimes.com,Female,186.183.21.215,42,Renault,Legal Assistant,Thriller
438,Hali,Beasley,hbeasleyc5@example.com,Female,142.160.183.28,71,Renault,Human Resources Assistant III,Thriller
439,Eldin,Cona,econac6@acquirethisname.com,Male,22.77.197.212,30,Opel,Research Nurse,Thriller
440,Joleen,Cumo,jcumoc7@abc.net.au,Female,49.148.123.180,68,Renault,Senior Sales Associate,Drama
441,Der,Mallard,dmallardc8@cam.ac.uk,Male,74.9.38.145,51,Mazda,Software Engineer II,Thriller
442,Lauritz,Moorcraft,lmoorcraftc9@bloomberg.com,Male,30.70.107.78,42,Opel,Cost Accountant,Drama
443,Osborn,Money,omoneyca@microsoft.com,Male,102.69.50.132,37,Renault,Project Manager,Comedy
444,Marie-jeanne,Wellan,mwellancb@mashable.com,Female,231.201.48.40,22,Opel,Speech Pathologist,Thriller
445,Kelsi,Moulton,kmoultoncc@noaa.gov,Female,83.154.92.6,64,Renault,Internal Auditor,Thriller
446,Lorne,Thomazet,lthomazetcd@deviantart.com,Male,117.210.121.247,56,Renault,Research Assistant II,Drama
447,Sherman,Darragon,sdarragonce@g.co,Male,99.176.55.34,20,Renault,Web Developer IV,Thriller
448,Abbye,Dennistoun,adennistouncf@ca.gov,Female,103.212.179.251,78,Mazda,Pharmacist,Comedy
449,Oralia,Astridge,oastridgecg@woothemes.com,Female,132.38.208.14,33,Mazda,Automation Specialist I,Thriller
450,Shandeigh,Spratt,ssprattch@digg.com,Female,219.212.98.236,25,Opel,Analyst Programmer,Drama
451,Ainslee,Redington,aredingtonci@biblegateway.com,Female,105.89.249.139,23,Renault,Biostatistician II,Action
452,Bron,De Ambrosis,bdeambrosiscj@dedecms.com,Male,95.101.128.107,75,Renault,Information Systems Manager,Thriller
453,Chrotoem,Casley,ccasleyck@wikia.com,Male,223.154.5.21,49,Renault,Human Resources Assistant III,Comedy
454,Roshelle,Masarrat,rmasarratcl@chron.com,Female,157.188.237.88,70,Fiat,Nuclear Power Engineer,Comedy
455,Nance,Kemson,nkemsoncm@weather.com,Female,28.70.27.100,80,Opel,VP Accounting,Thriller
456,Jud,Lilbourne,jlilbournecn@domainmarket.com,Male,252.246.86.132,77,Mazda,Senior Sales Associate,Comedy
457,Rubina,Moncrieffe,rmoncrieffeco@npr.org,Female,85.251.97.165,50,Renault,Nurse Practicioner,Thriller
458,Wyatan,Taylot,wtaylotcp@apache.org,Male,86.74.141.158,71,Mazda,Administrative Assistant III,Drama
459,Karoly,Prophet,kprophetcq@sogou.com,Male,74.247.147.87,26,Ford,Operator,Drama
460,Alistair,Liffey,aliffeycr@tripadvisor.com,Male,110.143.205.208,44,Renault,Marketing Assistant,Thriller
461,Sharia,Jowsey,sjowseycs@marriott.com,Female,104.23.173.154,34,Renault,Clinical Specialist,Thriller
462,Ardath,Fuggle,afugglect@facebook.com,Female,73.59.198.66,22,Opel,Associate Professor,Drama
463,Violetta,Mossom,vmossomcu@usnews.com,Female,229.132.87.116,26,BMW,Teacher,Drama
464,Corissa,Braham,cbrahamcv@clickbank.net,Female,114.231.23.96,30,Renault,Senior Editor,Drama
465,Shepherd,Labrenz,slabrenzcw@un.org,Male,213.54.72.104,76,Fiat,Account Executive,Thriller
466,Bentley,Linning,blinningcx@ucsd.edu,Male,20.203.208.148,33,Opel,Electrical Engineer,Drama
467,Ronalda,Viant,rviantcy@nationalgeographic.com,Female,151.14.201.127,36,Renault,Structural Engineer,Thriller
468,Carolin,Duchant,cduchantcz@reuters.com,Female,18.224.108.184,67,Renault,Human Resources Manager,Thriller
469,Staffard,MacGill,smacgilld0@samsung.com,Male,133.139.8.162,26,Mazda,Staff Scientist,Thriller
470,Damien,McDonald,dmcdonaldd1@woothemes.com,Male,193.196.142.234,38,Renault,Database Administrator II,Thriller
471,Corliss,Wapol,cwapold2@columbia.edu,Female,179.57.41.65,35,Renault,Sales Representative,Thriller
472,Glennis,Andreone,gandreoned3@bbc.co.uk,Female,171.10.33.151,54,Opel,Assistant Professor,Thriller
473,Shayna,Goodlatt,sgoodlattd4@bing.com,Female,220.57.126.128,23,Renault,Editor,Romance
474,Evered,Mullane,emullaned5@shutterfly.com,Male,153.142.3.59,28,Renault,VP Accounting,Drama
475,Tucker,Colchett,tcolchettd6@intel.com,Male,182.4.96.254,62,Renault,Office Assistant IV,Thriller
476,Patrizius,Cumesky,pcumeskyd7@seesaa.net,Male,153.155.251.93,79,Opel,Quality Control Specialist,Drama
477,Skelly,Arr,sarrd8@fotki.com,Male,161.13.110.4,32,Renault,Account Representative II,Thriller
478,Blithe,Batman,bbatmand9@lulu.com,Female,186.57.173.53,54,Renault,Senior Editor,Comedy
479,Ernaline,Crawshaw,ecrawshawda@who.int,Female,174.177.34.191,65,Renault,Product Engineer,Comedy
480,Agustin,Denney,adenneydb@dropbox.com,Male,102.232.12.23,29,Dacia,Senior Developer,Action
481,Vladimir,Renac,vrenacdc@weibo.com,Male,150.246.8.186,53,Renault,Statistician IV,Comedy
482,Elmo,Ionnidis,eionnidisdd@examiner.com,Male,142.147.18.234,20,Renault,Librarian,Comedy
483,Didi,Twitching,dtwitchingde@tinyurl.com,Female,85.157.22.241,37,Opel,Graphic Designer,Drama
484,Odie,Dykas,odykasdf@mashable.com,Male,129.217.200.146,58,Renault,Internal Auditor,Drama
485,Jenn,Going,jgoingdg@free.fr,Female,84.100.108.71,77,Mazda,Help Desk Technician,Thriller
486,Bess,Westbury,bwestburydh@pagesperso-orange.fr,Female,165.89.196.232,56,Renault,Pharmacist,Comedy
487,Jackelyn,Tinner,jtinnerdi@google.ca,Female,60.132.13.230,40,Renault,Design Engineer,Thriller
488,Cecilia,Correa,ccorreadj@tripod.com,Female,255.24.162.139,73,Dacia,Nurse,Drama
489,Joanie,Dulinty,jdulintydk@hud.gov,Female,23.13.43.24,47,Renault,VP Accounting,Thriller
490,Ailsun,Cervantes,acervantesdl@hugedomains.com,Female,10.225.198.220,43,Renault,Web Developer II,Thriller
491,Rae,Killough,rkilloughdm@businesswire.com,Female,28.175.29.114,71,Renault,Safety Technician I,Action
492,Madalena,Deegan,mdeegandn@live.com,Female,5.195.190.98,33,Mazda,VP Sales,Thriller
493,Brander,Jennison,bjennisondo@360.cn,Male,237.33.232.72,39,Ford,Chief Design Engineer,Thriller
494,Coretta,Doman,cdomandp@booking.com,Female,15.221.248.151,54,Fiat,Paralegal,Thriller
495,Estella,Yakubovics,eyakubovicsdq@aol.com,Female,175.201.219.182,62,Mazda,Analyst Programmer,Thriller
496,Wit,Menghi,wmenghidr@alibaba.com,Male,196.82.146.85,36,Fiat,Environmental Tech,Drama
497,Dacie,Chadderton,dchaddertonds@bravesites.com,Female,59.152.178.75,76,Opel,Administrative Officer,Comedy
498,Rooney,Volker,rvolkerdt@etsy.com,Male,136.172.111.195,76,Renault,Civil Engineer,Thriller
499,Cob,McCooke,cmccookedu@reverbnation.com,Male,54.180.14.190,47,Renault,Administrative Assistant I,Drama
500,Nicolle,Storrie,nstorriedv@drupal.org,Female,201.17.240.214,75,Renault,Associate Professor,Comedy
501,Tris,Creffeild,tcreffeilddw@guardian.co.uk,Male,17.7.71.213,64,Ford,Marketing Assistant,Horror
502,Garald,Heinzler,gheinzlerdx@tumblr.com,Male,67.107.246.110,45,Renault,Research Associate,Comedy
503,Paolo,Facey,pfaceydy@gov.uk,Male,252.214.221.163,76,Opel,Assistant Professor,Comedy
504,Laurianne,Matchell,lmatchelldz@un.org,Female,11.210.166.9,25,Mazda,Speech Pathologist,Drama
505,Janeczka,Noah,jnoahe0@google.pl,Female,227.5.217.130,58,Mazda,Food Chemist,Drama
506,Danice,Wetherburn,dwetherburne1@lycos.com,Female,93.254.64.19,67,Renault,Computer Systems Analyst III,Drama
507,Julee,Goudie,jgoudiee2@digg.com,Female,254.110.207.234,41,Opel,Actuary,Drama
508,Glen,Raymen,graymene3@tumblr.com,Male,0.221.254.202,42,Renault,Software Consultant,Thriller
509,Joyan,Searsby,jsearsbye4@slate.com,Female,89.164.106.73,44,Fiat,Professor,Thriller
510,Ardine,Shaudfurth,ashaudfurthe5@wsj.com,Female,2.107.161.211,32,BMW,Food Chemist,Thriller
511,Elwira,Brightie,ebrightiee6@nymag.com,Female,243.165.44.59,40,Fiat,Recruiter,Comedy
512,Valle,Wash,vwashe7@spiegel.de,Male,65.124.166.189,27,Opel,Research Associate,Drama
513,Randee,Derington,rderingtone8@slate.com,Female,111.68.31.214,40,Mazda,Community Outreach Specialist,Romance
514,Hart,Bonds,hbondse9@slate.com,Male,109.50.191.90,49,Fiat,Junior Executive,Romance
515,Jana,Greatrex,jgreatrexea@unicef.org,Female,83.228.18.211,34,Renault,Senior Financial Analyst,Drama
516,Norton,Bawden,nbawdeneb@bbc.co.uk,Male,53.28.18.156,29,Opel,Accounting Assistant II,Romance
517,Estrella,Weakley,eweakleyec@uiuc.edu,Female,147.45.8.158,47,Opel,Associate Professor,Drama
518,Krispin,Redsall,kredsalled@reference.com,Male,237.239.210.46,23,Renault,Database Administrator IV,Thriller
519,Mabel,Scorrer,mscorreree@fc2.com,Female,25.217.0.140,78,Dacia,Marketing Manager,Thriller
520,Saba,Osmant,sosmantef@cafepress.com,Female,149.15.229.71,22,Mazda,Paralegal,Thriller
521,Curtice,Staterfield,cstaterfieldeg@dell.com,Male,121.205.76.160,62,Mazda,VP Sales,Thriller
522,Marcy,Pook,mpookeh@delicious.com,Female,110.80.186.121,59,Mazda,Office Assistant I,Drama
523,Charlton,Tulleth,ctullethei@fastcompany.com,Male,204.96.132.86,37,Renault,Recruiting Manager,Comedy
524,Josh,Fritter,jfritterej@ehow.com,Male,195.240.195.10,48,Renault,Web Developer IV,Thriller
525,Esteban,Bawcock,ebawcockek@blogspot.com,Male,227.182.113.83,60,Mazda,Staff Scientist,Thriller
526,Alden,Falconbridge,afalconbridgeel@amazon.co.jp,Male,73.106.221.35,60,Mazda,Mechanical Systems Engineer,Action
527,Giff,Mithan,gmithanem@flavors.me,Male,251.199.243.1,77,Mazda,Research Nurse,Thriller
528,Elenore,Clarke,eclarkeen@tripod.com,Female,187.19.251.154,64,Opel,Assistant Professor,Drama
529,Gabbey,Stoeckle,gstoeckleeo@state.tx.us,Female,181.48.167.249,56,Renault,Operator,Horror
530,Odille,Ellings,oellingsep@blogs.com,Female,77.237.2.193,67,Mazda,Chief Design Engineer,Thriller
531,Meris,Hattrick,mhattrickeq@usnews.com,Female,162.255.25.11,64,Mazda,Account Executive,Thriller
532,Quent,Graal,qgraaler@liveinternet.ru,Male,20.151.179.117,29,Renault,Administrative Officer,Drama
533,Eduino,Rea,ereaes@soup.io,Male,45.17.19.194,48,Fiat,Social Worker,Thriller
534,Corri,Colquyte,ccolquyteet@ftc.gov,Female,164.82.20.165,63,Opel,Quality Engineer,Drama
535,Charisse,Martynov,cmartynoveu@cbc.ca,Female,135.215.190.250,55,Renault,Product Engineer,Thriller
536,Kingsly,Waliszewski,kwaliszewskiev@fda.gov,Male,125.143.160.247,26,Mazda,Registered Nurse,Thriller
537,Marius,Carwithan,mcarwithanew@behance.net,Male,94.27.189.221,50,Renault,Developer III,Thriller
538,Sephira,Boakes,sboakesex@shareasale.com,Female,19.26.65.229,80,Renault,Professor,Thriller
539,Sibilla,Petrusch,spetruschey@php.net,Female,204.21.133.122,22,Renault,Design Engineer,Thriller
540,Jennilee,Trouncer,jtrouncerez@squarespace.com,Female,231.167.155.124,31,Fiat,Environmental Tech,Comedy
541,Art,Minter,aminterf0@sciencedirect.com,Male,170.205.198.107,26,Opel,Office Assistant II,Drama
542,Stanford,Morby,smorbyf1@kickstarter.com,Male,97.146.18.67,39,Renault,Marketing Manager,Action
543,Jock,McGoldrick,jmcgoldrickf2@digg.com,Male,245.207.140.54,60,Opel,Environmental Tech,Drama
544,Chrissy,Bonsey,cbonseyf3@amazon.de,Female,64.94.19.173,57,Renault,Sales Associate,Thriller
545,Fancie,Strothers,fstrothersf4@de.vu,Female,16.54.43.4,29,Mazda,Physical Therapy Assistant,Thriller
546,Timothee,Hankard,thankardf5@twitter.com,Male,206.69.102.223,60,Renault,Business Systems Development Analyst,Drama
547,Galvin,Crowter,gcrowterf6@virginia.edu,Male,135.199.8.118,45,Opel,VP Product Management,Horror
548,Freddie,Worden,fwordenf7@patch.com,Male,64.58.154.199,66,Renault,Administrative Officer,Thriller
549,Benny,Maier,bmaierf8@ask.com,Female,143.134.74.52,66,Opel,Cost Accountant,Thriller
550,Erick,Bellham,ebellhamf9@barnesandnoble.com,Male,146.148.153.11,22,Ford,Nurse Practicioner,Drama
551,Duffie,Towell,dtowellfa@netscape.com,Male,135.193.228.129,35,Opel,Product Engineer,Thriller
552,Vassily,Finnes,vfinnesfb@ehow.com,Male,70.188.243.85,67,Renault,Software Consultant,Thriller
553,Alli,Norvill,anorvillfc@blogs.com,Female,130.191.55.73,78,Mazda,Biostatistician I,Thriller
554,Agathe,Le Blond,aleblondfd@flickr.com,Female,237.53.80.126,64,BMW,Administrative Officer,Drama
555,Gussi,Francklyn,gfrancklynfe@ameblo.jp,Female,50.75.197.132,40,Opel,Recruiting Manager,Thriller
556,Birgit,Climar,bclimarff@ustream.tv,Female,148.107.189.131,24,Renault,Web Developer III,Romance
557,Norry,Jacobovitz,njacobovitzfg@exblog.jp,Male,242.114.3.170,44,Mazda,Director of Sales,Drama
558,Clyde,Benmore,cbenmorefh@jigsy.com,Male,209.45.117.6,70,Ford,Statistician II,Action
559,Julie,Lindman,jlindmanfi@msu.edu,Male,41.16.77.16,38,Mazda,Environmental Specialist,Thriller
560,Margie,Adshed,madshedfj@fema.gov,Female,181.80.50.21,68,Renault,Developer II,Thriller
561,Hermina,Tamlett,htamlettfk@flickr.com,Female,215.102.49.192,43,Opel,Media Manager IV,Drama
562,Richart,Sparkwell,rsparkwellfl@multiply.com,Male,96.41.195.59,64,Ford,Operator,Drama
563,Fifine,Mitchelhill,fmitchelhillfm@wikia.com,Female,143.182.162.235,21,Renault,General Manager,Drama
564,Nada,Jirik,njirikfn@uol.com.br,Female,96.25.130.215,72,Mazda,Pharmacist,Thriller
565,Dana,Pancoast,dpancoastfo@macromedia.com,Male,157.208.225.186,71,Fiat,Compensation Analyst,Romance
566,Kacy,Elrick,kelrickfp@usa.gov,Female,72.251.138.77,76,Opel,Geologist III,Drama
567,Claudian,Emtage,cemtagefq@samsung.com,Male,5.31.226.32,41,Opel,Media Manager IV,Comedy
568,Amitie,Pilmer,apilmerfr@nhs.uk,Female,219.141.15.221,76,Renault,Paralegal,Drama
569,Felic,Comford,fcomfordfs@constantcontact.com,Male,59.66.122.225,70,Opel,Recruiting Manager,Comedy
570,Brocky,Claydon,bclaydonft@tinyurl.com,Male,179.199.33.222,69,Renault,Software Consultant,Thriller
571,Alden,Chasmor,achasmorfu@webs.com,Male,105.198.12.186,36,Opel,Desktop Support Technician,Thriller
572,Dom,Hauger,dhaugerfv@ameblo.jp,Male,63.85.16.31,62,Renault,Pharmacist,Thriller
573,Paquito,Shadfourth,pshadfourthfw@nbcnews.com,Male,180.118.151.210,42,Renault,VP Product Management,Action
574,Enrica,Moakson,emoaksonfx@theglobeandmail.com,Female,154.198.168.255,63,Renault,Recruiting Manager,Thriller
575,Tobit,Ruddell,truddellfy@angelfire.com,Male,161.198.63.221,30,Renault,Physical Therapy Assistant,Drama
576,Ken,Patrick,kpatrickfz@about.com,Male,187.108.56.109,47,Dacia,Account Representative II,Thriller
577,Chev,Gorey,cgoreyg0@quantcast.com,Male,74.77.63.18,65,Renault,VP Accounting,Drama
578,Katherine,Ivakhnov,kivakhnovg1@ycombinator.com,Female,195.65.226.206,77,Renault,Health Coach III,Thriller
579,Eulalie,Deavall,edeavallg2@cocolog-nifty.com,Female,166.35.11.166,51,Renault,Human Resources Assistant II,Comedy
580,Kellen,Wiper,kwiperg3@go.com,Female,122.249.213.171,59,Renault,Budget/Accounting Analyst I,Comedy
581,Elliott,Benedyktowicz,ebenedyktowiczg4@netlog.com,Male,165.20.125.223,72,Renault,Operator,Drama
582,Evanne,Simmance,esimmanceg5@prweb.com,Female,242.237.229.103,54,Renault,Structural Analysis Engineer,Thriller
583,Fletcher,Slayny,fslaynyg6@loc.gov,Male,162.41.207.157,54,Ford,Technical Writer,Drama
584,Patrizio,Stormes,pstormesg7@paypal.com,Male,244.236.181.131,35,Renault,Editor,Thriller
585,Vaughn,Pennicott,vpennicottg8@aol.com,Male,21.137.35.120,58,Renault,Nurse,Comedy
586,Berne,Furlonge,bfurlongeg9@is.gd,Male,145.230.23.154,30,Renault,Biostatistician I,Action
587,Bogey,Antonat,bantonatga@google.com.au,Male,18.227.247.179,71,Ford,Physical Therapy Assistant,Comedy
588,Donal,Skeldinge,dskeldingegb@tamu.edu,Male,216.239.110.28,51,Ford,General Manager,Drama
589,Benedick,Stearndale,bstearndalegc@mac.com,Male,98.232.203.207,32,Renault,Environmental Specialist,Drama
590,Adrianne,Nestor,anestorgd@free.fr,Female,117.207.211.66,76,Opel,Research Associate,Thriller
591,Bartel,Claiton,bclaitonge@nhs.uk,Male,50.145.230.203,72,Opel,Biostatistician II,Comedy
592,Garnet,Lahiff,glahiffgf@canalblog.com,Female,52.187.223.111,55,BMW,Recruiter,Thriller
593,Alyss,Broggetti,abroggettigg@1und1.de,Female,80.114.99.90,65,Renault,Research Associate,Thriller
594,Virginie,O'Moylan,vomoylangh@google.it,Female,42.36.184.155,42,Opel,Recruiter,Thriller
595,Wilfred,Hagan,whagangi@meetup.com,Male,250.122.45.166,73,Renault,Web Developer III,Thriller
596,Abdul,Derry,aderrygj@desdev.cn,Male,69.119.40.30,62,Renault,Software Consultant,Thriller
597,Aguie,Saint,asaintgk@dyndns.org,Male,147.177.142.7,34,Renault,Design Engineer,Thriller
598,Lorrayne,Bannester,lbannestergl@mlb.com,Female,83.17.103.49,60,Renault,Statistician III,Drama
599,Regina,Futty,rfuttygm@instagram.com,Female,141.137.216.48,58,Opel,Desktop Support Technician,Thriller
600,Meade,Vaughan-Hughes,mvaughanhughesgn@jiathis.com,Male,190.60.247.32,25,Opel,Staff Scientist,Horror
601,Butch,MacNeish,bmacneishgo@symantec.com,Male,23.100.5.106,79,Renault,Assistant Media Planner,Comedy
602,Pansie,Gillian,pgilliangp@blogger.com,Female,121.25.80.100,60,Ford,VP Marketing,Comedy
603,Mayer,Tice,mticegq@aol.com,Male,153.15.124.149,67,Renault,Research Associate,Thriller
604,Tiena,Elegood,telegoodgr@ustream.tv,Female,47.140.153.140,71,Renault,Sales Representative,Comedy
605,Kiley,Bleesing,kbleesinggs@illinois.edu,Female,95.126.61.132,38,Renault,Pharmacist,Thriller
606,Charis,Megainey,cmegaineygt@sina.com.cn,Female,169.67.65.8,76,Renault,Administrative Officer,Thriller
607,Teri,de'-Ancy Willis,tdeancywillisgu@salon.com,Female,75.197.224.225,68,Renault,Programmer IV,Thriller
608,Allianora,Matskevich,amatskevichgv@google.es,Female,6.132.229.108,22,Renault,Recruiting Manager,Thriller
609,Pryce,Landall,plandallgw@gnu.org,Male,10.64.162.73,56,Mazda,Web Developer II,Thriller
610,Frances,Jeromson,fjeromsongx@joomla.org,Female,4.27.7.137,60,Renault,Senior Cost Accountant,Drama
611,Cheryl,Aldrick,caldrickgy@livejournal.com,Female,199.248.241.86,51,Ford,Mechanical Systems Engineer,Romance
612,Murdock,Sotham,msothamgz@instagram.com,Male,184.35.99.214,25,Renault,Research Nurse,Horror
613,Roxana,Knightly,rknightlyh0@blogspot.com,Female,129.215.37.26,32,Renault,Director of Sales,Thriller
614,Emeline,Bartholin,ebartholinh1@ehow.com,Female,46.108.153.54,80,Renault,Nurse Practicioner,Thriller
615,Lamar,Caps,lcapsh2@goo.gl,Male,213.166.207.26,64,Fiat,Executive Secretary,Drama
616,Fawn,Treven,ftrevenh3@yolasite.com,Female,140.220.30.68,67,Opel,Assistant Manager,Thriller
617,Morty,Palk,mpalkh4@yale.edu,Male,169.178.134.90,23,Renault,Business Systems Development Analyst,Drama
618,Ileana,Tilsley,itilsleyh5@mail.ru,Female,159.36.114.112,75,Renault,Software Engineer IV,Thriller
619,Gamaliel,Steven,gstevenh6@skype.com,Male,216.81.65.186,22,Fiat,Information Systems Manager,Thriller
620,Shel,Reeds,sreedsh7@purevolume.com,Female,57.78.167.235,21,Opel,Nurse Practicioner,Drama
621,Gaby,Geerdts,ggeerdtsh8@gravatar.com,Male,111.3.49.101,26,Opel,Assistant Manager,Drama
622,Hussein,Valerius,hvaleriush9@hubpages.com,Male,20.254.39.219,38,Ford,Marketing Assistant,Thriller
623,Imojean,Vasic,ivasicha@spiegel.de,Female,203.5.23.253,75,Renault,Civil Engineer,Comedy
624,Garrott,Bursell,gbursellhb@hugedomains.com,Male,129.57.171.38,71,Opel,VP Quality Control,Drama
625,Tish,Siebert,tsieberthc@csmonitor.com,Female,240.49.229.51,56,Opel,Nurse Practicioner,Drama
626,Timothy,Dovydenas,tdovydenashd@fema.gov,Male,87.130.203.90,52,Renault,Biostatistician II,Drama
627,Elianora,Volker,evolkerhe@ox.ac.uk,Female,10.197.30.144,77,Ford,Recruiter,Action
628,Kennith,Baudy,kbaudyhf@goo.ne.jp,Male,100.126.94.248,52,Opel,Budget/Accounting Analyst I,Drama
629,Cyrillus,Wimpeney,cwimpeneyhg@deviantart.com,Male,27.77.132.18,23,Opel,Computer Systems Analyst II,Thriller
630,Harwilll,Sopper,hsopperhh@nyu.edu,Male,4.168.62.247,76,Mazda,General Manager,Thriller
631,Marice,Shenfisch,mshenfischhi@stumbleupon.com,Female,38.98.244.196,51,Renault,Assistant Professor,Thriller
632,Aleksandr,Tesdale,atesdalehj@woothemes.com,Male,46.65.119.81,32,Renault,Chief Design Engineer,Thriller
633,Emlyn,Pristnor,epristnorhk@mtv.com,Female,169.224.160.234,24,Renault,Human Resources Assistant IV,Drama
634,Jocko,McCrystal,jmccrystalhl@pcworld.com,Male,20.180.22.127,39,Renault,Statistician I,Drama
635,Vivien,Adamson,vadamsonhm@weebly.com,Female,18.110.80.4,80,Renault,Chemical Engineer,Thriller
636,Rick,Kelshaw,rkelshawhn@economist.com,Male,151.153.178.202,65,Renault,VP Quality Control,Drama
637,Fina,Whear,fwhearho@berkeley.edu,Female,221.223.78.248,20,Renault,Quality Control Specialist,Horror
638,Caralie,Roughey,crougheyhp@woothemes.com,Female,105.41.37.33,42,Renault,Human Resources Assistant IV,Comedy
639,Melitta,Fennick,mfennickhq@netvibes.com,Female,241.212.135.111,79,Renault,Software Consultant,Drama
640,Alex,Collingwood,acollingwoodhr@qq.com,Female,127.203.148.116,56,Renault,Nurse Practicioner,Comedy
641,Con,Guidini,cguidinihs@linkedin.com,Male,39.251.193.162,30,Dacia,Executive Secretary,Drama
642,Sandor,Haddleton,shaddletonht@simplemachines.org,Male,74.20.62.26,37,Renault,Automation Specialist II,Drama
643,Flore,Sussans,fsussanshu@salon.com,Female,32.209.92.173,75,Opel,Information Systems Manager,Thriller
644,Inglebert,Roddy,iroddyhv@behance.net,Male,182.15.182.6,53,Renault,Nuclear Power Engineer,Comedy
645,Sasha,Mycroft,smycrofthw@upenn.edu,Female,252.228.254.229,35,Opel,Analyst Programmer,Thriller
646,Victoria,Holworth,vholworthhx@imgur.com,Female,166.248.104.165,27,Renault,Account Executive,Drama
647,Burton,MacAiline,bmacailinehy@simplemachines.org,Male,126.153.183.64,65,Ford,Account Coordinator,Drama
648,Gerianna,Sturr,gsturrhz@usa.gov,Female,152.150.57.33,74,Mazda,VP Product Management,Comedy
649,Micki,Dechelle,mdechellei0@telegraph.co.uk,Female,191.172.69.230,71,Renault,Financial Analyst,Thriller
650,Carol-jean,Hoston,chostoni1@jimdo.com,Female,179.247.110.135,32,Renault,Engineer IV,Drama
651,Tybie,Slimme,tslimmei2@nhs.uk,Female,166.113.190.45,66,Renault,Assistant Professor,Drama
652,Octavia,Scartifield,oscartifieldi3@house.gov,Female,67.68.149.151,79,Renault,Editor,Thriller
653,Noel,Newsome,nnewsomei4@hao123.com,Male,73.135.17.10,80,Opel,Tax Accountant,Thriller
654,Sayer,Suermeier,ssuermeieri5@marketwatch.com,Male,188.202.51.57,53,Renault,Quality Control Specialist,Thriller
655,Florenza,Bulman,fbulmani6@reference.com,Female,129.198.45.180,44,Renault,Office Assistant I,Thriller
656,Bernadene,Keys,bkeysi7@purevolume.com,Female,30.116.151.136,55,Renault,Structural Analysis Engineer,Comedy
657,Judd,Bewlay,jbewlayi8@yelp.com,Male,178.92.42.167,62,Renault,Environmental Specialist,Comedy
658,Guillemette,Malarkey,gmalarkeyi9@typepad.com,Female,24.65.203.115,58,Opel,VP Sales,Thriller
659,Magdalen,O'Rudden,moruddenia@amazon.co.uk,Female,7.70.179.110,69,Opel,Dental Hygienist,Thriller
660,Lisetta,Pankethman,lpankethmanib@1688.com,Female,143.6.116.63,53,Opel,VP Product Management,Thriller
661,Lesley,Lindeboom,llindeboomic@skype.com,Male,38.82.104.0,25,Renault,Programmer Analyst IV,Thriller
662,Kippie,Alabaster,kalabasterid@cornell.edu,Female,70.213.171.49,49,Ford,Media Manager IV,Drama
663,Hillary,Capelow,hcapelowie@jugem.jp,Female,106.49.99.182,73,Renault,Graphic Designer,Horror
664,Emmi,Bodham,ebodhamif@abc.net.au,Female,95.169.12.41,44,Opel,Financial Advisor,Thriller
665,Chrissie,Mugridge,cmugridgeig@google.cn,Female,222.25.155.36,31,Opel,Quality Engineer,Drama
666,Pammy,Pragnall,ppragnallih@netscape.com,Female,163.133.126.176,33,Renault,Marketing Manager,Action
667,Aurelie,Haggarth,ahaggarthii@washingtonpost.com,Female,196.135.228.102,72,Ford,VP Quality Control,Thriller
668,Car,Kemell,ckemellij@prnewswire.com,Male,87.244.209.132,50,Renault,Internal Auditor,Horror
669,Kayle,Weeks,kweeksik@amazon.com,Female,230.56.165.38,23,Mazda,Civil Engineer,Comedy
670,Filberto,Scothorn,fscothornil@dedecms.com,Male,61.178.192.65,37,Renault,Compensation Analyst,Thriller
671,Keen,Bullant,kbullantim@photobucket.com,Male,106.164.188.227,34,Renault,Assistant Media Planner,Drama
672,Dareen,Arran,darranin@wunderground.com,Female,217.189.89.214,79,Opel,Financial Analyst,Drama
673,Thorsten,MacAulay,tmacaulayio@ihg.com,Male,251.140.2.41,55,Renault,Staff Scientist,Drama
674,Isidoro,Mosedale,imosedaleip@elpais.com,Male,199.229.108.88,51,Renault,Office Assistant I,Thriller
675,Greta,O' Hern,goherniq@chicagotribune.com,Female,228.197.62.166,40,Renault,Accountant II,Thriller
676,Hymie,Whiten,hwhitenir@youtu.be,Male,154.131.59.55,60,Renault,Graphic Designer,Thriller
677,Jennie,Cudworth,jcudworthis@barnesandnoble.com,Female,12.142.53.199,65,Renault,Tax Accountant,Thriller
678,Ferdinande,Ferrick,fferrickit@cornell.edu,Female,137.55.217.180,32,Renault,Actuary,Thriller
679,Morganica,Baudon,mbaudoniu@multiply.com,Female,150.134.88.57,61,Opel,Desktop Support Technician,Action
680,Michaelina,Swinford,mswinfordiv@nature.com,Female,22.163.252.254,76,Renault,Senior Editor,Thriller
681,Bryn,Pargent,bpargentiw@odnoklassniki.ru,Female,170.206.174.59,22,Renault,Developer IV,Thriller
682,Issy,Kenvin,ikenvinix@bizjournals.com,Female,242.37.43.159,74,Ford,Structural Engineer,Drama
683,Loydie,Cakebread,lcakebreadiy@tinyurl.com,Male,242.40.91.86,45,Opel,Quality Control Specialist,Comedy
684,Vonni,McIan,vmcianiz@un.org,Female,26.9.241.155,70,Opel,Nuclear Power Engineer,Thriller
685,Rawley,Fawley,rfawleyj0@ehow.com,Male,116.16.238.134,26,Opel,Design Engineer,Drama
686,Patrice,Nuss,pnussj1@xinhuanet.com,Male,9.93.81.49,57,Renault,Safety Technician IV,Thriller
687,Kandy,Leijs,kleijsj2@marriott.com,Female,140.32.231.83,71,Renault,Senior Quality Engineer,Thriller
688,Karyl,Roussell,kroussellj3@seesaa.net,Female,81.234.10.191,80,Opel,Tax Accountant,Drama
689,Barron,Trousdale,btrousdalej4@constantcontact.com,Male,11.69.218.144,75,Renault,VP Quality Control,Drama
690,Ruben,Antoney,rantoneyj5@paypal.com,Male,71.8.113.231,70,Renault,VP Accounting,Thriller
691,Ives,McDirmid,imcdirmidj6@rambler.ru,Male,224.129.95.187,29,Ford,Speech Pathologist,Thriller
692,Jeremie,Mallabone,jmallabonej7@squarespace.com,Male,125.47.186.126,78,Opel,Geological Engineer,Romance
693,Pernell,Longland,plonglandj8@aol.com,Male,131.153.163.126,43,Opel,Design Engineer,Thriller
694,Stacia,Matches,smatchesj9@eepurl.com,Female,71.75.204.206,70,Opel,Senior Sales Associate,Thriller
695,Spense,Renfree,srenfreeja@soundcloud.com,Male,141.216.79.1,74,Renault,Operator,Thriller
696,Aylmer,Tilberry,atilberryjb@cnbc.com,Male,155.31.125.101,28,Renault,Senior Financial Analyst,Horror
697,Iosep,Wandrach,iwandrachjc@furl.net,Male,253.10.176.122,47,BMW,Analog Circuit Design manager,Thriller
698,Delcine,Lemmen,dlemmenjd@google.nl,Female,104.220.171.158,47,Opel,Sales Associate,Thriller
699,Clywd,Lynch,clynchje@aol.com,Male,168.183.121.78,30,Mazda,Teacher,Thriller
700,Paige,Phillput,pphillputjf@yandex.ru,Male,82.170.252.219,61,Ford,Account Executive,Comedy
701,Zelig,Yushin,zyushinjg@weebly.com,Male,82.224.191.214,65,Renault,Account Representative IV,Romance
702,Locke,Hayhow,lhayhowjh@baidu.com,Male,159.46.254.245,29,Opel,Food Chemist,Comedy
703,Monti,Martell,mmartellji@europa.eu,Male,98.221.194.242,57,Mazda,Payment Adjustment Coordinator,Thriller
704,Merrili,Bouzek,mbouzekjj@nifty.com,Female,250.109.233.84,37,Mazda,Assistant Manager,Action
705,Cristina,Towersey,ctowerseyjk@cmu.edu,Female,41.98.189.210,57,Opel,Nurse Practicioner,Comedy
706,Rooney,Clowes,rclowesjl@dot.gov,Male,222.64.109.64,46,Mazda,Environmental Specialist,Drama
707,Maddi,Kirvell,mkirvelljm@fda.gov,Female,243.106.56.191,78,Mazda,Research Associate,Drama
708,Karalynn,Trowel,ktroweljn@ft.com,Female,27.67.32.142,73,Mazda,Executive Secretary,Drama
709,Brad,Iacavone,biacavonejo@reddit.com,Male,196.164.68.226,58,Renault,Programmer III,Drama
710,Josephina,Fuggle,jfugglejp@ucsd.edu,Female,50.40.41.64,68,Ford,Geologist I,Drama
711,Haze,Torri,htorrijq@hugedomains.com,Male,106.135.227.80,66,Renault,Associate Professor,Thriller
712,Beniamino,Jayne,bjaynejr@hostgator.com,Male,247.236.234.37,46,Renault,Help Desk Technician,Comedy
713,Ally,Rosenberg,arosenbergjs@narod.ru,Female,132.191.89.85,68,Renault,Programmer III,Thriller
714,Brendin,Tugman,btugmanjt@shop-pro.jp,Male,189.227.28.234,24,Renault,Web Designer I,Thriller
715,Lisabeth,Ranaghan,lranaghanju@ustream.tv,Female,114.143.191.109,78,Dacia,Director of Sales,Thriller
716,Cornall,Keenor,ckeenorjv@redcross.org,Male,164.65.226.220,50,Mazda,Geological Engineer,Drama
717,Carmine,Cawdery,ccawderyjw@technorati.com,Female,121.79.133.198,65,Renault,Human Resources Manager,Romance
718,Domenic,Connechie,dconnechiejx@shutterfly.com,Male,213.170.157.87,54,Opel,Quality Engineer,Thriller
719,Ulises,Stirtle,ustirtlejy@ucoz.com,Male,97.179.247.60,25,Renault,Human Resources Assistant IV,Romance
720,Merle,BoHlingolsen,mbohlingolsenjz@craigslist.org,Female,30.218.250.65,75,Renault,Data Coordiator,Action
721,Missie,Toal,mtoalk0@cbslocal.com,Female,56.144.96.228,22,Renault,Software Engineer III,Thriller
722,Ella,Flood,efloodk1@tmall.com,Female,89.143.200.210,26,BMW,Help Desk Technician,Thriller
723,Dorris,Callan,dcallank2@umich.edu,Female,227.111.0.91,55,Renault,Senior Cost Accountant,Comedy
724,Allyn,Brimacombe,abrimacombek3@myspace.com,Female,114.91.250.19,44,Opel,Graphic Designer,Comedy
725,Lanie,Jannings,ljanningsk4@salon.com,Male,176.214.100.240,69,Opel,Recruiter,Action
726,Balduin,Rubens,brubensk5@ow.ly,Male,239.20.209.71,34,Mazda,Software Engineer III,Action
727,Patty,Pothecary,ppothecaryk6@webeden.co.uk,Female,108.169.19.68,75,Mazda,Senior Cost Accountant,Thriller
728,Byrann,Margetson,bmargetsonk7@technorati.com,Male,181.13.16.195,54,Opel,Nurse Practicioner,Action
729,Byrom,Clynmans,bclynmansk8@wikispaces.com,Male,29.71.61.134,74,BMW,Recruiting Manager,Comedy
730,Meyer,de Castelain,mdecastelaink9@clickbank.net,Male,140.55.96.238,75,Renault,Technical Writer,Thriller
731,Matteo,Letten,mlettenka@europa.eu,Male,183.248.151.110,62,Renault,Automation Specialist II,Thriller
732,Rowan,Fidler,rfidlerkb@aboutads.info,Male,198.221.59.20,29,Opel,Assistant Media Planner,Drama
733,Kaylyn,Tomczynski,ktomczynskikc@ox.ac.uk,Female,24.238.123.240,60,Renault,Help Desk Operator,Thriller
734,Farrel,Flewett,fflewettkd@simplemachines.org,Male,60.13.28.239,37,Renault,Analyst Programmer,Thriller
735,Andras,Lemmertz,alemmertzke@t-online.de,Male,255.54.134.178,55,Renault,Software Test Engineer III,Drama
736,Mechelle,Doerren,mdoerrenkf@opensource.org,Female,9.173.211.252,62,Opel,Recruiter,Comedy
737,Hubie,Cheyne,hcheynekg@so-net.ne.jp,Male,150.28.186.101,76,Mazda,General Manager,Comedy
738,Clemence,Kiraly,ckiralykh@fotki.com,Female,254.93.120.189,41,Renault,Product Engineer,Drama
739,Sophia,Mucklestone,smucklestoneki@noaa.gov,Female,162.247.114.50,26,Mazda,Director of Sales,Thriller
740,Odessa,Bau,obaukj@google.co.jp,Female,240.137.114.166,67,Opel,Dental Hygienist,Comedy
741,Hill,Rosso,hrossokk@alexa.com,Male,170.3.187.114,63,Renault,Research Assistant I,Thriller
742,Gram,Bane,gbanekl@sitemeter.com,Male,91.161.14.144,54,Ford,Mechanical Systems Engineer,Drama
743,Niccolo,Cramphorn,ncramphornkm@state.gov,Male,159.63.209.173,69,Mazda,Staff Accountant III,Comedy
744,Gussie,Kharchinski,gkharchinskikn@artisteer.com,Female,148.136.234.15,67,Opel,Director of Sales,Romance
745,Tucky,Wainer,twainerko@vkontakte.ru,Male,236.233.255.248,38,Renault,Professor,Thriller
746,Clemmy,Huckerby,chuckerbykp@vkontakte.ru,Male,208.217.203.210,46,Opel,Sales Associate,Horror
747,Hobie,Inchley,hinchleykq@ovh.net,Male,166.228.55.199,34,Renault,Associate Professor,Thriller
748,Melli,De Mattei,mdematteikr@twitpic.com,Female,212.190.147.166,66,Mazda,Actuary,Horror
749,Benetta,Dell'Abbate,bdellabbateks@dailymail.co.uk,Female,255.57.116.129,54,Renault,Operator,Thriller
750,Derril,Severn,dsevernkt@blogspot.com,Male,32.44.250.154,41,Opel,Account Representative III,Thriller
751,Gardener,Stook,gstookku@kickstarter.com,Male,135.146.87.201,30,Renault,Financial Analyst,Comedy
752,Lyndsey,L' Anglois,llangloiskv@360.cn,Female,233.59.117.27,59,Renault,Clinical Specialist,Comedy
753,Taite,Ashness,tashnesskw@diigo.com,Male,166.37.137.215,36,Opel,Sales Associate,Horror
754,Garvey,Scholling,gschollingkx@disqus.com,Male,252.144.155.83,74,Renault,Research Assistant III,Action
755,Brianne,O'Hallagan,bohallaganky@ning.com,Female,220.178.67.139,57,Renault,Project Manager,Drama
756,Mickey,Hambers,mhamberskz@squidoo.com,Male,91.141.39.16,41,BMW,Dental Hygienist,Drama
757,Theodore,Burnsall,tburnsalll0@wiley.com,Male,181.182.67.248,49,Opel,Structural Engineer,Thriller
758,Linet,Iverson,liversonl1@plala.or.jp,Female,119.151.60.148,54,Renault,Geological Engineer,Thriller
759,Dallas,Pawfoot,dpawfootl2@huffingtonpost.com,Female,26.108.220.45,44,Opel,Compensation Analyst,Thriller
760,Kristien,Orro,korrol3@sogou.com,Female,108.12.247.25,26,BMW,Analog Circuit Design manager,Romance
761,Kelli,Overy,koveryl4@dagondesign.com,Female,188.137.162.85,78,Renault,Office Assistant I,Thriller
762,Lonnard,Spaducci,lspaduccil5@joomla.org,Male,205.38.21.160,64,Renault,Junior Executive,Drama
763,Marie,Sivyour,msivyourl6@admin.ch,Female,207.36.140.20,24,Renault,Librarian,Thriller
764,Dicky,Metcalf,dmetcalfl7@go.com,Male,118.249.89.154,43,Ford,Chief Design Engineer,Drama
765,Allina,Wiffill,awiffilll8@wix.com,Female,68.45.76.42,67,Opel,Assistant Professor,Comedy
766,Catarina,MacNamara,cmacnamaral9@imgur.com,Female,110.225.221.203,27,Renault,Design Engineer,Action
767,Xenos,Harborow,xharborowla@wix.com,Male,192.127.43.101,26,Opel,Occupational Therapist,Drama
768,Arin,Hoult,ahoultlb@github.io,Male,28.113.4.231,78,Opel,Executive Secretary,Drama
769,Deane,Allibone,dallibonelc@bloglovin.com,Male,226.135.190.169,63,Renault,Civil Engineer,Drama
770,Coralie,Broggini,cbrogginild@furl.net,Female,82.43.210.0,60,Opel,Data Coordiator,Thriller
771,Duke,Geelan,dgeelanle@dion.ne.jp,Male,101.52.63.154,79,Renault,Junior Executive,Thriller
772,Nanete,Bonner,nbonnerlf@nydailynews.com,Female,100.142.212.217,57,Mazda,Software Engineer III,Thriller
773,Jonie,Martinec,jmartineclg@blogs.com,Female,219.54.174.54,54,Opel,Desktop Support Technician,Action
774,Poppy,Drinkhill,pdrinkhilllh@mediafire.com,Female,149.133.176.214,39,Mazda,Information Systems Manager,Thriller
775,Torrence,Webb-Bowen,twebbbowenli@marketwatch.com,Male,1.114.255.180,49,Opel,Staff Scientist,Thriller
776,Read,Gerriessen,rgerriessenlj@unicef.org,Male,50.224.135.38,33,Renault,Senior Financial Analyst,Comedy
777,Frasquito,Mockler,fmocklerlk@foxnews.com,Male,215.236.118.252,22,Fiat,Engineer III,Drama
778,Mathilda,Dameisele,mdameiselell@java.com,Female,151.86.84.189,38,Renault,Assistant Professor,Comedy
779,Fanechka,Bendon,fbendonlm@slate.com,Female,252.73.151.133,62,Renault,Junior Executive,Comedy
780,Kingsly,Lenney,klenneyln@ezinearticles.com,Male,231.246.94.15,54,Opel,Actuary,Thriller
781,Stevana,Drohane,sdrohanelo@linkedin.com,Female,210.92.79.223,69,Renault,Accountant I,Romance
782,Ginger,Brameld,gbrameldlp@cafepress.com,Female,185.187.158.231,22,Opel,Programmer II,Horror
783,Brook,O'Farrell,bofarrelllq@dailymotion.com,Female,195.185.201.229,39,Renault,Quality Engineer,Thriller
784,Perl,Mattingson,pmattingsonlr@sourceforge.net,Female,9.118.5.193,75,Renault,Senior Quality Engineer,Action
785,Papageno,Jerome,pjeromels@gravatar.com,Male,55.95.207.234,58,Renault,Software Consultant,Thriller
786,Gerik,Fullun,gfullunlt@usgs.gov,Male,232.124.76.126,71,Ford,Media Manager IV,Comedy
787,Doretta,Flagg,dflagglu@washingtonpost.com,Female,172.178.43.94,78,Opel,Senior Financial Analyst,Thriller
788,Lorene,Mushrow,lmushrowlv@slashdot.org,Female,192.192.83.1,30,Opel,Software Consultant,Thriller
789,Judas,Banane,jbananelw@google.ru,Male,161.68.89.21,22,Renault,Accounting Assistant IV,Drama
790,Mady,Sarney,msarneylx@infoseek.co.jp,Female,12.15.155.36,38,Opel,Financial Advisor,Thriller
791,Tamarra,Moncrefe,tmoncrefely@reference.com,Female,49.136.13.35,36,Renault,Help Desk Operator,Action
792,Niall,Philpots,nphilpotslz@shinystat.com,Male,44.203.28.97,20,Renault,GIS Technical Architect,Thriller
793,Austina,Hanaford,ahanafordm0@alexa.com,Female,136.140.17.155,43,Renault,Research Nurse,Action
794,Nara,Pickover,npickoverm1@bloglovin.com,Female,69.54.66.172,67,Renault,Chief Design Engineer,Romance
795,Ingelbert,Morcomb,imorcombm2@theatlantic.com,Male,120.206.158.254,56,Opel,GIS Technical Architect,Drama
796,Philis,Hans,phansm3@lulu.com,Female,61.235.55.161,74,Renault,General Manager,Thriller
797,Gal,Gillio,ggilliom4@feedburner.com,Male,159.150.75.74,60,Renault,Staff Accountant II,Thriller
798,Bengt,O'Roan,boroanm5@shinystat.com,Male,59.75.51.10,77,Ford,Sales Representative,Thriller
799,Roth,Brithman,rbrithmanm6@earthlink.net,Male,232.98.252.52,63,Renault,Compensation Analyst,Thriller
800,Abdel,Drakes,adrakesm7@telegraph.co.uk,Male,180.249.44.108,79,Opel,Financial Advisor,Thriller
801,Denny,Loveguard,dloveguardm8@va.gov,Male,68.137.160.59,24,Opel,Developer II,Thriller
802,Jasun,Garred,jgarredm9@photobucket.com,Male,234.252.247.19,65,Opel,Help Desk Technician,Drama
803,Jasper,McPhilip,jmcphilipma@vk.com,Male,104.142.141.125,63,Renault,Teacher,Action
804,Orv,Allot,oallotmb@etsy.com,Male,250.191.15.104,37,Opel,Structural Engineer,Thriller
805,Lissa,Mitchell,lmitchellmc@sina.com.cn,Female,61.14.14.58,66,Ford,Staff Accountant III,Action
806,Tony,Rosenstock,trosenstockmd@reference.com,Male,104.112.163.31,43,BMW,Human Resources Manager,Drama
807,Teresa,Mewburn,tmewburnme@nyu.edu,Female,229.159.64.130,41,Renault,Nuclear Power Engineer,Thriller
808,Reed,Bradford,rbradfordmf@yellowbook.com,Male,0.86.216.179,48,Renault,Physical Therapy Assistant,Thriller
809,Jeanette,Buttrick,jbuttrickmg@technorati.com,Female,132.155.207.0,46,Opel,Web Developer I,Thriller
810,Franky,Blyde,fblydemh@acquirethisname.com,Female,98.53.178.167,28,Renault,Systems Administrator IV,Thriller
811,Trixi,Koopman,tkoopmanmi@altervista.org,Female,197.48.49.170,26,Renault,Structural Analysis Engineer,Comedy
812,Silvano,Deluce,sdelucemj@dyndns.org,Male,31.180.100.243,49,Renault,Administrative Assistant IV,Thriller
813,Michel,Lorroway,mlorrowaymk@loc.gov,Male,100.52.97.79,20,Renault,Marketing Manager,Drama
814,Francoise,Boncore,fboncoreml@360.cn,Female,20.42.235.6,39,Renault,Environmental Tech,Thriller
815,Harmonia,Dyson,hdysonmm@ftc.gov,Female,202.132.221.31,68,Opel,Executive Secretary,Drama
816,Ambur,Feldon,afeldonmn@twitter.com,Female,42.59.166.143,77,Renault,Chief Design Engineer,Comedy
817,Illa,Roxbee,iroxbeemo@psu.edu,Female,95.28.59.0,79,Renault,Assistant Manager,Thriller
818,Sascha,Gowman,sgowmanmp@cornell.edu,Female,62.199.205.123,69,Opel,Administrative Assistant I,Action
819,Gifford,Philson,gphilsonmq@japanpost.jp,Male,169.87.152.50,75,Renault,Administrative Assistant I,Comedy
820,Lurleen,Ping,lpingmr@lulu.com,Female,136.56.88.2,21,Renault,Statistician I,Comedy
821,Antoinette,Friar,afriarms@who.int,Female,178.241.158.10,30,Renault,Tax Accountant,Drama
822,Anastassia,Rucklidge,arucklidgemt@auda.org.au,Female,214.172.116.16,24,Renault,Quality Control Specialist,Thriller
823,Evan,Giraldez,egiraldezmu@army.mil,Male,28.157.6.129,31,Renault,General Manager,Comedy
824,Patrice,Molyneux,pmolyneuxmv@opensource.org,Female,73.179.171.127,31,Opel,Chief Design Engineer,Drama
825,Ilaire,Seide,iseidemw@bloglines.com,Male,201.252.233.62,72,Ford,Administrative Officer,Thriller
826,Pall,Freund,pfreundmx@sun.com,Male,244.42.181.96,61,Renault,Human Resources Assistant III,Thriller
827,Karine,Le Noir,klenoirmy@furl.net,Female,93.23.189.199,61,Mazda,Financial Analyst,Thriller
828,Haskel,Cyson,hcysonmz@globo.com,Male,166.233.191.184,40,Renault,Web Designer III,Drama
829,Phil,Willingham,pwillinghamn0@clickbank.net,Male,111.22.15.205,75,Renault,VP Product Management,Thriller
830,Stewart,Rudderham,srudderhamn1@intel.com,Male,162.143.212.231,55,Ford,Financial Analyst,Comedy
831,Osmund,Mash,omashn2@g.co,Male,102.171.51.83,37,Opel,Legal Assistant,Comedy
832,Fanya,Stoffel,fstoffeln3@reuters.com,Female,223.21.88.129,38,Renault,Data Coordiator,Drama
833,Katee,Gaynes,kgaynesn4@prweb.com,Female,145.241.77.178,22,Opel,Programmer II,Drama
834,Reese,Marousek,rmarousekn5@drupal.org,Male,52.90.143.131,71,Renault,Librarian,Thriller
835,Laurice,Plows,lplowsn6@360.cn,Female,110.189.42.149,72,Renault,Systems Administrator IV,Thriller
836,Corbett,Purver,cpurvern7@columbia.edu,Male,146.35.144.126,24,Ford,Senior Developer,Drama
837,Kevina,Culp,kculpn8@tinypic.com,Female,122.225.209.144,47,Renault,Senior Financial Analyst,Thriller
838,Loise,Witt,lwittn9@g.co,Female,220.74.115.159,66,Mazda,Web Developer IV,Thriller
839,Rodi,Collington,rcollingtonna@infoseek.co.jp,Female,92.143.223.223,75,Renault,Safety Technician III,Comedy
840,Jermain,Cardero,jcarderonb@privacy.gov.au,Male,36.237.146.199,58,Renault,Librarian,Action
841,Olly,Reichhardt,oreichhardtnc@icio.us,Male,201.135.206.147,39,Renault,Account Representative IV,Horror
842,Orrin,Trevithick,otrevithicknd@cyberchimps.com,Male,213.120.210.7,61,Renault,Chief Design Engineer,Drama
843,Elinor,Flipek,eflipekne@icq.com,Female,190.247.218.44,63,Renault,Community Outreach Specialist,Comedy
844,Farley,Brewood,fbrewoodnf@google.nl,Male,74.228.106.175,78,Ford,Financial Analyst,Thriller
845,Cirillo,Rowbotham,crowbothamng@odnoklassniki.ru,Male,216.99.20.89,33,Renault,Civil Engineer,Thriller
846,Nobe,Gorringe,ngorringenh@ucla.edu,Male,245.15.177.245,29,Opel,Business Systems Development Analyst,Thriller
847,Jeremy,Halleday,jhalledayni@youku.com,Male,240.179.33.150,33,Renault,Graphic Designer,Thriller
848,Jesus,Donavan,jdonavannj@youtube.com,Male,67.223.55.145,73,Renault,Senior Financial Analyst,Drama
849,Martha,Shimman,mshimmannk@reverbnation.com,Female,181.136.48.36,61,Opel,Senior Sales Associate,Drama
850,Joanie,Novill,jnovillnl@patch.com,Female,230.161.31.130,72,Opel,Software Consultant,Comedy
851,Alyssa,Shalcras,ashalcrasnm@yellowbook.com,Female,234.218.194.76,45,Opel,Software Test Engineer IV,Thriller
852,Rickie,Dwyer,rdwyernn@theglobeandmail.com,Female,152.94.184.112,26,Renault,Paralegal,Thriller
853,Hervey,Coulston,hcoulstonno@nbcnews.com,Male,83.38.96.72,61,Renault,Programmer III,Thriller
854,Leighton,Maskrey,lmaskreynp@hp.com,Male,198.45.24.63,43,Renault,Statistician IV,Thriller
855,Michaelina,Willshee,mwillsheenq@cnn.com,Female,165.219.34.19,41,Renault,Occupational Therapist,Thriller
856,Der,Becken,dbeckennr@opensource.org,Male,4.172.255.100,51,Fiat,Actuary,Drama
857,Domingo,Connew,dconnewns@lulu.com,Male,157.3.49.152,42,Renault,Paralegal,Drama
858,Janek,Rowet,jrowetnt@clickbank.net,Male,218.234.201.70,59,Renault,Developer III,Thriller
859,Waylon,Kopelman,wkopelmannu@japanpost.jp,Male,195.206.194.245,53,Mazda,Senior Cost Accountant,Drama
860,Julius,Stoneman,jstonemannv@trellian.com,Male,87.126.224.160,57,Mazda,Registered Nurse,Thriller
861,Alfonso,Fawkes,afawkesnw@parallels.com,Male,210.211.1.23,31,Renault,Occupational Therapist,Thriller
862,Prentiss,Barwick,pbarwicknx@domainmarket.com,Male,62.5.36.30,60,Opel,Technical Writer,Comedy
863,Gayle,Roebuck,groebuckny@yolasite.com,Male,51.181.33.210,37,Ford,Design Engineer,Comedy
864,Erv,Biesty,ebiestynz@ucsd.edu,Male,253.84.201.250,57,Mazda,Editor,Romance
865,Jonathan,Daout,jdaouto0@twitpic.com,Male,189.161.213.55,21,Renault,Automation Specialist III,Drama
866,Maryl,Blint,mblinto1@nhs.uk,Female,147.19.127.80,55,Mazda,Project Manager,Comedy
867,Germaine,Thurman,gthurmano2@tamu.edu,Female,177.118.33.246,75,Opel,Design Engineer,Thriller
868,Jacob,Kelbie,jkelbieo3@dyndns.org,Male,98.135.92.163,75,Opel,Budget/Accounting Analyst III,Drama
869,Mathias,Kolushev,mkolushevo4@de.vu,Male,25.41.111.174,53,Mazda,Clinical Specialist,Thriller
870,Valentia,Trent,vtrento5@woothemes.com,Female,149.40.36.120,58,Renault,Research Assistant IV,Thriller
871,Elli,Treamayne,etreamayneo6@whitehouse.gov,Female,52.15.46.192,61,Renault,Web Designer II,Comedy
872,Bobbi,Hockey,bhockeyo7@soup.io,Female,180.153.217.174,49,Renault,Media Manager III,Drama
873,Debor,Bilsford,dbilsfordo8@geocities.jp,Female,123.243.113.157,59,Renault,Computer Systems Analyst IV,Drama
874,Lyssa,Jaze,ljazeo9@dropbox.com,Female,105.135.141.96,75,Opel,Help Desk Operator,Thriller
875,Clovis,Adamkiewicz,cadamkiewiczoa@taobao.com,Female,91.79.11.96,37,Renault,Chemical Engineer,Drama
876,Trent,Addekin,taddekinob@simplemachines.org,Male,146.77.129.96,50,Renault,Teacher,Thriller
877,Brigitta,Janaszkiewicz,bjanaszkiewiczoc@loc.gov,Female,14.26.116.192,33,Renault,Payment Adjustment Coordinator,Drama
878,Cherye,Mil,cmilod@mail.ru,Female,56.122.124.219,47,Renault,GIS Technical Architect,Thriller
879,Christoper,Moorton,cmoortonoe@youku.com,Male,226.250.23.204,30,Ford,Financial Analyst,Thriller
880,Temp,Flippen,tflippenof@discuz.net,Male,243.59.122.39,74,Renault,Senior Developer,Thriller
881,Martelle,Casemore,mcasemoreog@apple.com,Female,121.188.15.194,31,Opel,Editor,Romance
882,Tracy,Rubel,trubeloh@ameblo.jp,Male,20.221.99.227,70,Mazda,Systems Administrator II,Drama
883,Sharlene,Chapelhow,schapelhowoi@merriam-webster.com,Female,156.245.210.220,29,Renault,Chief Design Engineer,Thriller
884,Carlina,Eilers,ceilersoj@techcrunch.com,Female,120.100.250.129,41,Renault,Nurse Practicioner,Thriller
885,Louisette,Shenley,lshenleyok@cdbaby.com,Female,196.93.191.89,74,Mazda,Cost Accountant,Thriller
886,Uta,Robathon,urobathonol@theglobeandmail.com,Female,245.188.186.79,44,Opel,Staff Accountant II,Drama
887,Herbert,Castanone,hcastanoneom@reddit.com,Male,210.43.84.247,31,Mazda,Web Developer II,Action
888,Shanie,Simion,ssimionon@hc360.com,Female,130.254.8.218,40,Mazda,Staff Accountant III,Thriller
889,Em,Carbry,ecarbryoo@imdb.com,Male,124.25.39.17,47,Mazda,Pharmacist,Thriller
890,Didi,Yaldren,dyaldrenop@oakley.com,Female,229.221.184.189,20,Mazda,Clinical Specialist,Thriller
891,Jacinthe,Menault,jmenaultoq@mozilla.org,Female,180.12.105.19,61,Renault,Office Assistant IV,Horror
892,Charles,Cammoile,ccammoileor@fotki.com,Male,126.148.95.21,55,Ford,Research Associate,Thriller
893,Gilberta,MacLardie,gmaclardieos@jigsy.com,Female,212.115.216.155,63,Renault,Actuary,Comedy
894,Evin,McCrachen,emccrachenot@cbsnews.com,Male,227.242.202.242,50,Mazda,Research Associate,Thriller
895,Pietro,Tubridy,ptubridyou@nasa.gov,Male,223.229.8.223,78,Renault,Information Systems Manager,Comedy
896,Alley,Barnsley,abarnsleyov@google.co.uk,Male,220.243.151.109,36,Mazda,Quality Control Specialist,Drama
897,Arie,Levington,alevingtonow@fotki.com,Male,5.136.104.54,36,Opel,Database Administrator IV,Drama
898,Winny,Lindegard,wlindegardox@icq.com,Male,162.109.163.127,63,Renault,Registered Nurse,Drama
899,Quintina,Lissemore,qlissemoreoy@buzzfeed.com,Female,223.4.94.175,20,Mazda,Sales Representative,Thriller
900,Joe,Rolls,jrollsoz@flickr.com,Male,230.200.86.222,51,Renault,Pharmacist,Thriller
901,Rosemary,Kennefick,rkennefickp0@hao123.com,Female,253.144.21.234,45,Fiat,Human Resources Manager,Thriller
902,Hugh,Morrant,hmorrantp1@vistaprint.com,Male,137.90.203.109,59,Opel,Statistician II,Horror
903,Faber,Batchelour,fbatchelourp2@sohu.com,Male,34.18.199.118,27,Mazda,Pharmacist,Comedy
904,Laurella,Normabell,lnormabellp3@bloglovin.com,Female,128.95.209.133,28,Renault,Database Administrator II,Comedy
905,Murray,Rodgers,mrodgersp4@hatena.ne.jp,Male,248.248.149.13,66,Opel,Human Resources Manager,Thriller
906,Janaye,Mathewes,jmathewesp5@google.co.uk,Female,52.173.46.16,48,Fiat,Assistant Professor,Comedy
907,Dita,Aneley,daneleyp6@dmoz.org,Female,239.139.210.133,72,Renault,Quality Engineer,Comedy
908,Yulma,Marrett,ymarrettp7@japanpost.jp,Male,75.79.206.94,60,Renault,Assistant Professor,Thriller
909,Dicky,Pinder,dpinderp8@ihg.com,Male,147.213.246.48,41,Opel,Data Coordiator,Thriller
910,Hanna,Brookhouse,hbrookhousep9@google.com.br,Female,197.130.55.222,74,Ford,Design Engineer,Thriller
911,Cecilio,Pennicard,cpennicardpa@reddit.com,Male,177.70.110.146,76,Renault,Paralegal,Thriller
912,Ingrid,Bull,ibullpb@dagondesign.com,Female,253.79.53.168,71,Renault,Cost Accountant,Thriller
913,Nikaniki,Bagg,nbaggpc@cpanel.net,Female,169.237.166.88,67,Renault,Research Nurse,Drama
914,Julieta,Black,jblackpd@ustream.tv,Female,245.95.109.231,71,Renault,Research Associate,Drama
915,Rachele,Guage,rguagepe@wordpress.org,Female,76.16.16.88,47,Mazda,Product Engineer,Comedy
916,Aurthur,Cater,acaterpf@google.cn,Male,96.169.176.68,57,Renault,Analyst Programmer,Thriller
917,Eberto,Vaugham,evaughampg@ft.com,Male,43.29.115.79,65,Ford,Graphic Designer,Thriller
918,Lydia,Dinneges,ldinnegesph@fastcompany.com,Female,158.52.152.165,49,Fiat,Account Representative III,Horror
919,Marsiella,Ceeley,mceeleypi@oaic.gov.au,Female,141.115.90.244,59,Mazda,Senior Quality Engineer,Thriller
920,Dorolice,Barbisch,dbarbischpj@ucoz.ru,Female,220.121.174.152,44,Opel,Executive Secretary,Comedy
921,Gerrilee,McKinnon,gmckinnonpk@a8.net,Female,0.176.119.67,47,Renault,Project Manager,Comedy
922,Anestassia,Tarrier,atarrierpl@hatena.ne.jp,Female,103.118.38.238,50,Opel,Programmer Analyst I,Drama
923,Annelise,Pinder,apinderpm@java.com,Female,40.103.162.56,50,Renault,Analyst Programmer,Thriller
924,Nigel,Sweeting,nsweetingpn@nyu.edu,Male,162.47.161.177,28,Opel,Quality Control Specialist,Thriller
925,Rozella,Nast,rnastpo@hostgator.com,Female,161.4.14.66,29,Fiat,Desktop Support Technician,Comedy
926,Elmo,Impy,eimpypp@wikimedia.org,Male,44.158.114.216,53,Renault,Mechanical Systems Engineer,Drama
927,Adelina,Tesche,ateschepq@harvard.edu,Female,17.248.78.62,69,Renault,Product Engineer,Thriller
928,Mackenzie,Wartnaby,mwartnabypr@chron.com,Male,67.36.188.11,42,Opel,Budget/Accounting Analyst III,Thriller
929,Beilul,Rousby,brousbyps@scribd.com,Female,126.84.62.29,60,Opel,Project Manager,Thriller
930,Jayne,Menilove,jmenilovept@google.com,Female,168.0.177.239,61,Renault,Systems Administrator II,Thriller
931,Kahlil,Bruneton,kbrunetonpu@indiatimes.com,Male,125.151.126.39,36,Opel,Business Systems Development Analyst,Thriller
932,Billi,Le Brun,blebrunpv@wix.com,Female,73.113.55.95,28,Mazda,Structural Analysis Engineer,Thriller
933,Ariana,Pahlsson,apahlssonpw@dagondesign.com,Female,166.85.126.93,53,Renault,VP Accounting,Thriller
934,Claribel,Tegler,cteglerpx@goodreads.com,Female,15.65.117.213,44,Renault,Professor,Thriller
935,Priscilla,Burkitt,pburkittpy@gravatar.com,Female,251.219.187.231,74,Mazda,Nuclear Power Engineer,Action
936,Adaline,Bonnell,abonnellpz@people.com.cn,Female,175.60.77.15,74,Opel,Developer IV,Thriller
937,Haskel,Nucator,hnucatorq0@studiopress.com,Male,86.157.143.77,71,Renault,Speech Pathologist,Thriller
938,Richmond,Meachen,rmeachenq1@bbb.org,Male,27.43.139.39,78,Ford,Paralegal,Thriller
939,Barnaby,Joney,bjoneyq2@craigslist.org,Male,216.160.251.196,73,Renault,Legal Assistant,Drama
940,Evvie,Sisneros,esisnerosq3@phpbb.com,Female,192.227.93.105,51,Renault,Programmer Analyst II,Drama
941,Dierdre,Lobell,dlobellq4@vk.com,Female,98.144.29.38,38,Renault,Administrative Officer,Thriller
942,Nonah,Mailey,nmaileyq5@abc.net.au,Female,182.60.254.160,67,Opel,Environmental Specialist,Comedy
943,Cornelia,Jurn,cjurnq6@globo.com,Female,247.154.148.233,80,Renault,Project Manager,Action
944,Fabe,Punchard,fpunchardq7@berkeley.edu,Male,49.48.37.98,29,Renault,Research Associate,Thriller
945,Lucretia,Nasey,lnaseyq8@hexun.com,Female,26.7.9.153,28,Renault,Senior Developer,Thriller
946,Bartlett,Gillford,bgillfordq9@people.com.cn,Male,121.45.160.224,57,Renault,Structural Engineer,Thriller
947,Mic,Betho,mbethoqa@blinklist.com,Male,195.67.179.156,25,Renault,VP Accounting,Drama
948,Huey,Ridehalgh,hridehalghqb@zdnet.com,Male,3.185.7.83,33,Opel,Chemical Engineer,Thriller
949,Noach,Ivanyukov,nivanyukovqc@a8.net,Male,225.125.248.175,74,Opel,Registered Nurse,Drama
950,Chelsy,Mauditt,cmaudittqd@sitemeter.com,Female,6.133.110.20,23,Mazda,General Manager,Thriller
951,Meredith,Letertre,mletertreqe@foxnews.com,Female,60.240.19.41,79,Renault,Statistician II,Comedy
952,Joshia,Zuanazzi,jzuanazziqf@globo.com,Male,227.167.35.122,57,Opel,Help Desk Operator,Thriller
953,Deidre,Buckie,dbuckieqg@umn.edu,Female,215.168.26.97,51,Renault,Software Test Engineer II,Drama
954,Merrick,Egalton,megaltonqh@epa.gov,Male,101.12.251.253,71,Fiat,Assistant Manager,Drama
955,Wiatt,Guntrip,wguntripqi@indiatimes.com,Male,252.219.128.135,54,Fiat,Office Assistant III,Thriller
956,Terrijo,Prose,tproseqj@amazon.co.jp,Female,208.41.252.32,42,Opel,Occupational Therapist,Thriller
957,Jorge,Monkley,jmonkleyqk@sohu.com,Male,37.142.224.151,27,Renault,Speech Pathologist,Drama
958,Lynnette,Woolham,lwoolhamql@auda.org.au,Female,224.158.234.93,71,Opel,Software Test Engineer II,Thriller
959,Ibrahim,Garrit,igarritqm@ning.com,Male,193.48.119.34,53,Ford,Research Associate,Thriller
960,Daniella,Druhan,ddruhanqn@theguardian.com,Female,7.130.161.111,80,Fiat,Assistant Manager,Drama
961,Karrah,Habbal,khabbalqo@ask.com,Female,75.113.57.120,21,Renault,VP Marketing,Action
962,Delano,Levane,dlevaneqp@timesonline.co.uk,Male,159.39.214.178,33,Renault,Administrative Officer,Thriller
963,Moll,Kimble,mkimbleqq@redcross.org,Female,155.84.67.135,55,Renault,Recruiting Manager,Thriller
964,Kristin,Burston,kburstonqr@aboutads.info,Female,109.18.29.230,49,Opel,Director of Sales,Thriller
965,Giacomo,Markwell,gmarkwellqs@elegantthemes.com,Male,138.101.124.94,28,Opel,Mechanical Systems Engineer,Drama
966,Edmund,Itzkovwitch,eitzkovwitchqt@cargocollective.com,Male,216.224.34.178,76,Ford,Editor,Action
967,Daryle,Pfaffe,dpfaffequ@scientificamerican.com,Male,188.236.67.44,63,Renault,Programmer III,Thriller
968,Stanley,Bailie,sbailieqv@slashdot.org,Male,212.236.115.204,24,Renault,Database Administrator I,Drama
969,Winnifred,Beane,wbeaneqw@twitpic.com,Female,144.32.116.96,48,Dacia,Design Engineer,Comedy
970,Tadio,Brugmann,tbrugmannqx@paypal.com,Male,11.148.185.213,31,Mazda,Research Assistant II,Thriller
971,Esme,Riley,erileyqy@jalbum.net,Female,201.217.125.189,36,Ford,Financial Advisor,Thriller
972,Jonas,Redon,jredonqz@ow.ly,Male,87.106.19.45,57,Renault,GIS Technical Architect,Thriller
973,Garrot,Clubley,gclubleyr0@google.com,Male,53.20.88.13,34,Mazda,Graphic Designer,Thriller
974,Lynnell,Pietranek,lpietranekr1@nhs.uk,Female,224.86.182.20,27,Renault,Accounting Assistant II,Romance
975,Mellicent,Dobby,mdobbyr2@comsenz.com,Female,190.38.12.21,64,Opel,Structural Engineer,Thriller
976,Roscoe,Laxton,rlaxtonr3@nbcnews.com,Male,34.229.131.115,20,Opel,VP Sales,Thriller
977,Anetta,Kissick,akissickr4@studiopress.com,Female,85.149.72.137,37,Renault,Biostatistician II,Comedy
978,Man,Chalfant,mchalfantr5@naver.com,Male,84.89.224.147,77,Renault,Health Coach I,Action
979,Terese,Scougal,tscougalr6@live.com,Female,194.172.152.167,24,Opel,VP Marketing,Drama
980,Krysta,Mensler,kmenslerr7@gravatar.com,Female,129.117.56.232,24,Opel,Recruiter,Thriller
981,Baudoin,Quartly,bquartlyr8@dyndns.org,Male,57.214.47.255,58,Renault,Senior Editor,Romance
982,Tadeas,Neggrini,tneggrinir9@seesaa.net,Male,39.134.202.104,37,Renault,Editor,Thriller
983,Ranna,Dymidowicz,rdymidowiczra@biblegateway.com,Female,206.198.148.71,54,Renault,Administrative Officer,Drama
984,Xylia,Cordie,xcordierb@spotify.com,Female,241.105.75.70,22,Renault,Nuclear Power Engineer,Thriller
985,Josh,Stive,jstiverc@gov.uk,Male,48.75.212.200,78,Renault,Assistant Manager,Thriller
986,Ephraim,Ladewig,eladewigrd@tumblr.com,Male,251.135.130.166,35,Renault,Civil Engineer,Thriller
987,Tawsha,Moncur,tmoncurre@pinterest.com,Female,202.102.137.11,56,Renault,Information Systems Manager,Drama
988,Norbie,Gommes,ngommesrf@qq.com,Male,65.8.155.77,73,Renault,Research Assistant IV,Thriller
989,Cairistiona,Tallant,ctallantrg@theguardian.com,Female,12.176.182.199,53,Dacia,Internal Auditor,Action
990,Bobine,Kermott,bkermottrh@who.int,Female,6.185.102.118,20,Renault,Accounting Assistant III,Thriller
991,Marcellus,Avieson,maviesonri@gravatar.com,Male,108.183.156.10,79,Renault,Chemical Engineer,Drama
992,Catarina,Lashford,clashfordrj@cpanel.net,Female,14.199.189.179,35,Renault,Human Resources Manager,Drama
993,Mira,Hartup,mhartuprk@princeton.edu,Female,151.154.7.229,53,Renault,Automation Specialist IV,Thriller
994,Vic,McKmurrie,vmckmurrierl@bloomberg.com,Male,35.90.227.31,40,Opel,Budget/Accounting Analyst I,Thriller
995,Kittie,Vaneschi,kvaneschirm@nytimes.com,Female,107.58.1.188,56,Renault,Environmental Specialist,Thriller
996,Allyn,Meehan,ameehanrn@alexa.com,Male,74.77.38.146,21,Renault,Desktop Support Technician,Thriller
997,Dorree,Hruska,dhruskaro@github.com,Female,130.68.75.166,76,Renault,Media Manager II,Drama
998,Yalonda,Dunkley,ydunkleyrp@pen.io,Female,190.8.46.25,36,Renault,Marketing Assistant,Horror
999,Jarret,O'Keenan,jokeenanrq@ca.gov,Male,122.2.240.16,67,Renault,Senior Developer,Drama
1000,Darbie,Turone,dturonerr@mapquest.com,Female,210.85.89.84,74,Opel,Senior Cost Accountant,Drama
